time,ideal_flux,observed_flux,corrupted_flux,mask
0.0,1.0,1.0352810469193532,1.0352810469193532,1
0.0204,1.0127826291308624,1.0207857732982069,1.0207857732982069,1
0.0408,1.025355535493634,1.0449302951757489,1.0449302951757489,1
0.0612,1.0375124372116875,1.0823303011957168,,0
0.0816,1.0490538777371088,1.0864050375401082,1.0864050375401082,1
0.102,1.0597904983057518,1.0402449407082237,1.0402449407082237,1
0.1224,1.0695461447194048,1.0885479130699165,,0
0.1428,1.0781607574825252,1.0751336133165712,1.0751336133165712,1
0.1632,1.0854929978754952,1.083428620839624,1.083428620839624,1
0.1836,1.09142256687878,1.0996345369175475,1.0996345369175475,1
0.204,1.0958521789017377,1.0987330503249553,,0
0.2244,1.0987091579333914,1.127794628072651,1.127794628072651,1
0.2448,1.099946629927349,1.115167384430289,1.115167384430289,1
0.2652,1.0995442918575784,1.101977792187435,1.101977792187435,1
0.2856,1.097508744827251,1.1063860094821594,1.1063860094821594,1
0.306,1.0938733857653875,1.1005468723128728,1.1005468723128728,1
0.3264,1.0886978594882186,1.1185794409513707,1.1185794409513707,1
0.3468,1.0820670801152157,1.0779639148398996,1.0779639148398996,1
0.3672,1.074089837895276,1.080351191928294,1.080351191928294,1
0.3876,1.0648970143006662,1.0478150995146316,,0
0.408,1.054639434673427,1.0035796383567452,1.0035796383567452,1
0.4284,1.0434853936555528,1.05655776556436,1.05655776556436,1
0.4488,1.0316178940028713,1.0489066179800617,1.0489066179800617,1
0.4692,1.0192316440849982,1.0043883436768697,1.0043883436768697,1
0.4896,1.0065298633329636,1.0519249558127155,1.0519249558127155,1
0.51,0.9937209480470688,0.9646336345550934,0.9646336345550934,1
0.5304,0.9810150522685906,0.9819302226146196,0.9819302226146196,1
0.5508000000000001,0.9686206398124813,0.9648769628119646,,0
0.5712,0.956741064031368,0.9873966483185372,0.9873966483185372,1
0.5916,0.9455712314261788,0.9749584068241844,0.9749584068241844,1
0.6120000000000001,0.9352944038430556,0.9383933523569938,0.9383933523569938,1
0.6324000000000001,0.9260791917224532,0.9336424421144964,0.9336424421144964,1
0.6528,0.9180767877317554,0.9003210727791531,0.9003210727791531,1
0.6732,0.9114184861688044,0.8718025568043257,0.8718025568043257,1
0.6936,0.9062135288351312,0.8992552858486081,,0
0.7140000000000001,0.9025473127213424,0.905674292103422,0.905674292103422,1
0.7344,0.9004799889109066,0.925085802525461,0.925085802525461,1
0.7548,0.9000454756899315,0.9240930726656198,0.9240930726656198,1
0.7752000000000001,0.9012509020546932,0.8935043657065342,0.8935043657065342,1
0.7956000000000001,0.9040764907472144,0.8980304357357078,0.8980304357357078,1
0.8160000000000001,0.9084758827379082,0.8875048234365664,,0
0.8364,0.9143768978315452,0.8859765390879658,0.8859765390879658,1
0.8568,0.921682718917396,0.8875573151048957,0.8875573151048957,1
0.8772000000000001,0.9302734804337188,0.9692889883383548,0.9692889883383548,1
0.8976000000000001,0.9400082349848912,0.929815191349858,0.929815191349858,1
0.918,0.9507272658451708,0.9419657798129472,0.9419657798129472,1
0.9384,0.962254707408175,0.9371988002071764,0.9371988002071764,1
0.9588,0.9744014305887329,0.989951237705371,0.989951237705371,1
0.9792,0.9869681458367384,0.9546901888855795,,0
0.9996,0.9997486728522996,0.9954938672480202,0.9954938672480202,1
1.02,1.0125333233564304,0.9946239921325568,0.9946239921325568,1
1.0404,1.025112341416658,1.0328503913738434,1.0328503913738434,1
1.0608,1.0372793448826092,1.0270632421312318,1.0270632421312318,1
1.0812000000000002,1.0488347114684362,1.025222067785988,1.025222067785988,1
1.1016,1.059588853927112,1.059025209360339,1.059025209360339,1
1.122,1.0693653305812805,1.0779319679918888,1.0779319679918888,1
1.1424,1.0780037401766225,1.0793340846242858,1.0793340846242858,1
1.1628,1.0853623535622967,1.0914117915170924,1.0914117915170924,1
1.1832,1.0913204390208486,1.0786339971472294,1.0786339971472294,1
1.2036,1.095780243096233,1.0885254197764902,1.0885254197764902,1
1.2240000000000002,1.0986685944207868,1.085219385465268,1.085219385465268,1
1.2444000000000002,1.099938104227395,1.0927470409965845,1.0927470409965845,1
1.2648,1.0995679438502144,1.0833050182093251,1.0833050182093251,1
1.2852,1.0975641864576169,1.0630385344109832,1.0630385344109832,1
1.3056,1.093959707410582,1.0975082302556571,1.0975082302556571,1
1.326,1.0888136448813546,1.080778026157189,1.080778026157189,1
1.3464,1.0822104295819062,1.0496064626425852,1.0496064626425852,1
1.3668,1.0742583995213215,1.083514044631837,1.083514044631837,1
1.3872,1.065088022519575,1.04694205523191,1.04694205523191,1
1.4076000000000002,1.0548497556406669,1.0558886635565896,1.0558886635565896,1
1.4280000000000002,1.0437115766650933,1.058293387908644,1.058293387908644,1
1.4484,1.0318562281024213,1.0344358863175696,1.0344358863175696,1
1.4688,1.0194782189610707,1.0422662326519367,1.0422662326519367,1
1.4892,1.00678063346683,0.9820841170597572,0.9820841170597572,1
1.5096,0.9939717990890056,1.0020186319125566,1.0020186319125566,1
1.53,0.9812618685414276,0.9675656667226212,0.9675656667226212,1
1.5504000000000002,0.9688593718369272,0.9514434288532896,0.9514434288532896,1
1.5708000000000002,0.9569677949652392,0.9453908016699508,0.9453908016699508,1
1.5912000000000002,0.9457822413274682,0.9395511906849208,0.9395511906849208,1
1.6116,0.9354862307024896,0.9366095375470846,0.9366095375470846,1
1.632,0.9262486882641826,0.9029456914485154,0.9029456914485154,1
1.6524,0.91822117305026,0.9362377027893436,0.9362377027893436,1
1.6728,0.911535391354812,0.920848640149421,0.920848640149421,1
1.6932,0.9063010358419736,0.8755761621164293,0.8755761621164293,1
1.7136,0.9026039858340732,0.932369029709985,0.932369029709985,1
1.7340000000000002,0.90050489830187,0.9384226818224816,0.9384226818224816,1
1.7544000000000002,0.9000382126743122,0.9236138040975052,0.9236138040975052,1
1.7748000000000002,0.9012115857957498,0.8976130890795028,0.8976130890795028,1
1.7952,0.9040057663011848,0.882590713870974,0.882590713870974,1
1.8156,0.9083749104706638,0.9294639450092864,,0
1.836,0.9142473343806348,0.9061837954411712,0.9061837954411712,1
1.8564,0.9215266900118292,0.9459755914194778,0.9459755914194778,1
1.8768,0.930093546017436,0.9342590455789732,0.9342590455789732,1
1.8972,0.9398073472161272,0.9593401279458016,0.9593401279458016,1
1.9176,0.9505087206608188,0.9576360486043068,0.9576360486043068,1
1.938,0.96202209044782,0.9761535538116588,0.9761535538116588,1
1.9584,0.9741585583655766,0.9743685587799932,0.9743685587799932,1
1.9788,0.9867190031206132,1.0224364129987298,1.0224364129987298,1
1.9992,0.999497347292118,1.0020355891461905,,0
2.0196,1.0122839384147164,1.0203237256836104,1.0203237256836104,1
2.04,1.0248689887164857,1.0625320026576106,1.0625320026576106,1
2.0604,1.0370460170769276,1.0100908358540786,1.0100908358540786,1
2.0808,1.048615236733185,1.02320553676347,1.02320553676347,1
2.1012,1.0593868331528846,1.0787747673160448,1.0787747673160448,1
2.1216,1.0691840782940287,1.0457216101917457,1.0457216101917457,1
2.1420000000000003,1.0778462301567024,1.1167186538696885,1.1167186538696885,1
2.1624000000000003,1.085231170054079,1.0769587904388844,1.0769587904388844,1
2.1828000000000003,1.0912177343333924,1.0762686381045772,1.0762686381045772,1
2.2032000000000003,1.0957077022906572,1.134166542820265,1.134166542820265,1
2.2236,1.0986274076637144,1.128237703492403,,0
2.244,1.099928947264059,1.1372801264725905,1.1372801264725905,1
2.2644,1.0995909669176027,1.1177118600831104,1.1177118600831104,1
2.2848,1.0976190118195552,1.0803944981184612,1.0803944981184612,1
2.3052,1.0940454355551985,1.132246734617179,1.132246734617179,1
2.3256,1.0889288692792398,1.0835688018602123,1.0835688018602123,1
2.346,1.0823532597628427,1.0984023876787703,1.0984023876787703,1
2.3664,1.074426492090957,1.0933715314464318,1.0933715314464318,1
2.3868,1.0652786196071584,1.0621784177453415,1.0621784177453415,1
2.4072,1.0550597301470404,1.067341317553962,1.067341317553962,1
2.4276,1.0439374835685589,1.0623816169998894,1.0623816169998894,1
2.4480000000000004,1.0320943609807207,1.0396228716038334,1.0396228716038334,1
2.4684000000000004,1.019724670802126,0.9977366549904424,0.9977366549904424,1
2.4888000000000003,1.00703136077053,1.0129961242546512,1.0129961242546512,1
2.5092000000000003,0.9942226882083356,1.0207504061420762,1.0207504061420762,1
2.5296000000000003,0.9815088031744866,0.9676174459798592,0.9676174459798592,1
2.5500000000000003,0.9690983005625052,0.9661056097559516,0.9661056097559516,1
2.5704,0.9571947977139048,0.948491726679472,0.948491726679472,1
2.5908,0.9459935936975884,0.9829788682671752,0.9829788682671752,1
2.6112,0.9356784650659534,0.9491243602062022,0.9491243602062022,1
2.6316,0.9264186506592802,0.9345678873841023,0.9345678873841023,1
2.652,0.9183660749282816,0.9029677534393752,0.9029677534393752,1
2.6724,0.9116528553313674,0.9224378391572038,0.9224378391572038,1
2.6928,0.9063891347023983,0.8929024814892509,0.8929024814892509,1
2.7132,0.9026612741529632,0.9032978853184505,0.9032978853184505,1
2.7336,0.9005304361579705,0.8878135145903928,0.8878135145903928,1
2.754,0.90003158107167,0.9135602469706,0.9135602469706,1
2.7744,0.9011728935381212,0.91270470987042,0.91270470987042,1
2.7948000000000004,0.9039356482069072,0.8997696730953474,0.8997696730953474,1
2.8152000000000004,0.9082745169572825,0.9161946512105154,0.9161946512105154,1
2.8356000000000003,0.9141183125901662,0.892257082415556,0.892257082415556,1
2.8560000000000003,0.9213711567863384,0.8915460049322261,0.8915460049322261,1
2.8764000000000003,0.92991405316831,0.9387018871936008,0.9387018871936008,1
2.8968000000000003,0.9396068396568724,0.942940309564323,0.942940309564323,1
2.9172,0.950290488090285,0.9629911168281272,0.9629911168281272,1
2.9376,0.9617897133765824,1.0094526088738611,1.0094526088738611,1
2.958,0.9739158493710104,0.9928054391108188,0.9928054391108188,1
2.9784,0.986469944294482,0.9682134997855988,0.9682134997855988,1
2.9988,0.9992460249069643,1.0215863506688816,1.0215863506688816,1
3.0192,1.0120344758809712,0.9857163276707408,0.9857163276707408,1
3.0396,1.024625478930264,1.0153937868339695,1.0153937868339695,1
3.06,1.036812455268468,1.0354476231619754,1.0354476231619754,1
3.0804,1.048395454917676,1.082662309350663,1.082662309350663,1
3.1008000000000004,1.059184437259143,1.044289340818174,1.044289340818174,1
3.1212000000000004,1.0690023890025375,1.0524736182293577,,0
3.1416000000000004,1.077688228417684,1.0757191779291753,1.0757191779291753,1
3.1620000000000004,1.0850994481794691,1.071829882452227,1.071829882452227,1
3.1824000000000003,1.09111445346515,1.1136471719072802,1.1136471719072802,1
3.2028000000000003,1.095634556943217,1.074035926775949,1.074035926775949,1
3.2232000000000003,1.0985855979223318,1.0756362248741098,1.0756362248741098,1
3.2436000000000003,1.0999191590951811,1.0911627582002927,1.0911627582002927,1
3.264,1.0996133609143173,1.089652711900471,1.089652711900471,1
3.2844,1.09767322056676,1.1362638616430998,1.1362638616430998,1
3.3048,1.0941305696577308,1.113118985796246,1.113118985796246,1
3.3252,1.0890435319540546,1.0907945567817583,1.0907945567817583,1
3.3456,1.0824955697558325,1.057986859379229,1.057986859379229,1
3.366,1.0745941145424185,1.0914813740704492,1.0914813740704492,1
3.3864,1.0654688043595022,1.0454644974117109,1.0454644974117109,1
3.4068,1.0552693568662332,1.024373934930681,1.024373934930681,1
3.4272,1.0441631129389983,1.0679237087860445,1.0679237087860445,1
3.4476000000000004,1.0323322911335937,1.0386711433720903,,0
3.4680000000000004,1.0199709980514406,1.0383881745270571,1.0383881745270571,1
3.4884000000000004,1.0072820436603345,1.0136565967191948,1.0136565967191948,1
3.5088000000000004,0.9944736138203072,1.011610226058361,1.011610226058361,1
3.5292000000000003,0.981755854607995,0.968735342741992,0.968735342741992,1
3.5496000000000003,0.9693374244800118,0.9486525676443224,0.9486525676443224,1
3.5700000000000003,0.9574220708434928,0.9710539612091252,0.9710539612091252,1
3.5904000000000003,0.9462052872015227,0.930137093918046,0.930137093918046,1
3.6108,0.93587110571919,0.922080110164186,0.922080110164186,1
3.6312,0.9265890778341712,0.9174784277638244,0.9174784277638244,1
3.6516,0.9185114924505414,0.9188610756310426,0.9188610756310426,1
3.672,0.9117708773565047,0.904690999131435,0.904690999131435,1
3.6924,0.9064778248599252,0.878978798991565,0.878978798991565,1
3.7128,0.9027191773161488,0.8898468092594909,0.8898468092594909,1
3.7332,0.9005566023178969,0.8560885392734083,0.8560885392734083,1
3.753600000000001,0.9000255809238937,0.9125302099444376,0.9125302099444376,1
3.774000000000001,0.9011348255262086,0.8690936724140736,0.8690936724140736,1
3.7944,0.9038661369072856,0.8817784701187167,0.8817784701187167,1
3.8148,0.908174702831904,0.9092180044171234,0.9092180044171234,1
3.8352,0.9139898332751112,0.8991985733472849,0.8991985733472849,1
3.8556,0.9212161202233548,0.9520764121314896,0.9520764121314896,1
3.876,0.9297350030201152,0.903877864825646,0.903877864825646,1
3.8964,0.9394067135736416,0.9447477309606253,0.9447477309606253,1
3.9168,0.9500725695120452,0.9492869131474954,0.9492869131474954,1
3.9372,0.961557577662282,0.938195707707458,0.938195707707458,1
3.9576,0.973673305138116,0.984138838348751,0.984138838348751,1
3.978,0.9862209709315364,0.9827900443070912,0.9827900443070912,1
3.9984,0.9989947072843268,1.0144305183086002,1.0144305183086002,1
4.018800000000001,1.011784937330936,1.0282550204102106,1.0282550204102106,1
4.0392,1.0243818135961338,1.0676465325817477,1.0676465325817477,1
4.0596000000000005,1.0365786609325336,1.0633092199212617,1.0633092199212617,1
4.08,1.0481753674101717,1.0407917306513226,1.0407917306513226,1
4.1004000000000005,1.0589816675243295,1.054194083972811,1.054194083972811,1
4.1208,1.0688202638544555,1.0908134557721978,1.0908134557721978,1
4.1412,1.0775297359575915,1.0906350105720437,1.0906350105720437,1
4.1616,1.0849671887704937,1.0977698192924454,1.0977698192924454,1
4.182,1.0910105970684998,1.058671476182283,1.058671476182283,1
4.2024,1.095560807515939,1.0950742850279604,1.0950742850279604,1
4.2228,1.0985431654607325,1.0837825472766187,1.0837825472766187,1
4.2432,1.09990873978259,1.105507231763455,1.105507231763455,1
4.2636,1.0996351256989052,1.097672117906046,,0
4.284000000000001,1.0977268123568191,1.1159303905186713,1.1159303905186713,1
4.3044,1.094215109180426,1.100559473484252,1.100559473484252,1
4.324800000000001,1.0891576321815268,1.1048841914237064,1.1048841914237064,1
4.3452,1.0826373586619675,1.0733089767272486,1.0733089767272486,1
4.365600000000001,1.0747612658169106,1.0558723406985455,,0
4.386,1.0656585755752956,1.0574575817112446,1.0574575817112446,1
4.4064000000000005,1.0554786344741296,1.055138226196901,1.055138226196901,1
4.4268,1.044388463351214,1.0519714980623156,1.0519714980623156,1
4.4472000000000005,1.032570017058143,1.0777561960719602,1.0777561960719602,1
4.4676,1.0202171991530773,1.0193720561198645,1.0193720561198645,1
4.488,1.007532680552793,0.9884137805429378,0.9884137805429378,1
4.5084,0.9947245743399372,0.9878049388259496,0.9878049388259496,1
4.5288,0.982003021281441,0.9727311017885192,0.9727311017885192,1
4.5492,0.9695767420790102,0.9792063715544794,0.9792063715544794,1
4.5696,0.957649612918422,0.9268336726295294,0.9268336726295294,1
4.590000000000001,0.9464173205021,0.9476825603861068,0.9476825603861068,1
4.6104,0.9360641514453766,0.939194282204684,0.939194282204684,1
4.630800000000001,0.9267599687123446,0.93140358943635,0.93140358943635,1
4.6512,0.9186574246985032,0.906711103319196,0.906711103319196,1
4.671600000000001,0.9118894566847322,0.907131022090012,0.907131022090012,1
4.692,0.9065671057543389,0.8780858875746882,0.8780858875746882,1
4.712400000000001,0.9027776949578816,0.8929112972906377,0.8929112972906377,1
4.7328,0.9005833966163699,0.8897261670960355,0.8897261670960355,1
4.7532000000000005,0.9000202122688837,0.9083412131941122,0.9083412131941122,1
4.7736,0.9010973820004704,0.8779737333640322,0.8779737333640322,1
4.7940000000000005,0.9037972328413916,0.9194211948755914,0.9194211948755914,1
4.8144,0.9080754687250084,0.9379651596148358,0.9379651596148358,1
4.8348,0.913861897247015,0.8724621967467444,0.8724621967467444,1
4.8552,0.9210615813021744,0.9295867559177364,0.9295867559177364,1
4.8756,0.9295563967038296,0.9430945574044346,0.9430945574044346,1
4.896000000000001,0.9392069702305398,0.9264582297194952,0.9264582297194952,1
4.9164,0.9498549663025914,0.9419095300160154,0.9419095300160154,1
4.936800000000001,0.9613256847712146,0.9586680732194754,0.9586680732194754,1
4.9572,0.9734309271989348,0.9674751096109002,0.9674751096109002,1
4.977600000000001,0.9859720846044272,0.9797918252234846,0.9797918252234846,1
4.998,0.9987433960116648,0.9652233198850652,0.9652233198850652,1
5.018400000000001,1.0115353243408312,1.0345819556364937,1.0345819556364937,1
5.0388,1.0241379942532176,1.045730366093954,1.045730366093954,1
5.059200000000001,1.0363446355458965,1.020077350361812,1.020077350361812,1
5.0796,1.0479549756008637,1.0186264890448131,1.0186264890448131,1
5.1000000000000005,1.0587785252292474,1.0691998227583026,1.0691998227583026,1
5.1204,1.068637704000183,1.057121944603922,1.057121944603922,1
5.1408000000000005,1.0773707537775503,1.080209817043966,1.080209817043966,1
5.1612,1.0848343926625748,1.078447824319673,1.078447824319673,1
5.1816,1.0909061657994543,1.1047369408208585,1.1047369408208585,1
5.202,1.0954864544746643,1.1093814373477844,1.1093814373477844,1
5.2224,1.0985001105469427,1.083988162977671,1.083988162977671,1
5.242800000000001,1.0998976893920982,1.072230410284197,1.072230410284197,1
5.2632,1.0996562611338885,1.0679974931871867,1.0679974931871867,1
5.283600000000001,1.0977797868512178,1.109987374433362,1.109987374433362,1
5.304,1.0942990535892865,1.070521868433606,1.070521868433606,1
5.324400000000001,1.089271169240938,1.0791348421549642,1.0791348421549642,1
5.3448,1.0827786255856329,1.0708523448166227,1.0708523448166227,1
5.365200000000001,1.074927944858616,1.073876598933225,1.073876598933225,1
5.3856,1.065847932055841,1.0271223359389108,1.0271223359389108,1
5.406000000000001,1.0556875616488186,1.0594631335846951,1.0594631335846951,1
5.4264,1.0446135333817703,1.0550913538584548,1.0550913538584548,1
5.4468000000000005,1.0328075372527632,1.0345759789936564,1.0345759789936564,1
5.4672,1.0204632725518965,1.0142455491179267,1.0142455491179267,1
5.4876000000000005,1.0077832698647473,1.009731273190123,1.009731273190123,1
5.508,0.9949755681820232,1.0029564950948258,1.0029564950948258,1
5.5284,0.9822503016335856,0.9267984465050526,0.9267984465050526,1
5.5488,0.9698162518478404,1.0089344980128545,1.0089344980128545,1
5.5692,0.9578774225014126,0.9656792889551712,0.9656792889551712,1
5.589600000000001,0.9466296922600028,0.9335815206122624,0.9335815206122624,1
5.61,0.9362576010251308,0.9284385335213788,0.9284385335213788,1
5.630400000000001,0.9269313222143608,0.9368061577613446,0.9368061577613446,1
5.6508,0.9188038707503796,0.916481791969692,0.916481791969692,1
5.671200000000001,0.9120085925670388,0.8713949032114088,0.8713949032114088,1
5.6916,0.9066569768216924,0.9479468340488788,0.9479468340488788,1
5.712000000000001,0.9028368267085324,0.900626013563883,0.900626013563883,1
5.7324,0.900610818884142,0.921014273118458,0.921014273118458,1
5.752800000000001,0.9000154751405511,0.8861744781848633,0.8861744781848633,1
5.7732,0.9010605631974204,0.9317881042823364,0.9317881042823364,1
5.7936000000000005,0.90372893644446,0.9094558102223056,0.9094558102223056,1
5.814,0.907976815263413,0.920153691952922,0.920153691952922,1
5.8344000000000005,0.9137345053139914,0.8928294379910523,0.8928294379910523,1
5.8548,0.9209075409989492,0.9451304467926032,0.9451304467926032,1
5.8752,0.9293782353476284,0.9431745986383244,0.9431745986383244,1
5.895600000000001,0.9390076108892548,0.9650445354805546,0.9650445354805546,1
5.916,0.9496376798364242,0.9370759286435928,0.9370759286435928,1
5.936400000000001,0.9610940361681412,0.9514734937989257,0.9514734937989257,1
5.9568,0.9731887170844576,1.0192670510381363,1.0192670510381363,1
5.977200000000001,0.9857232868852556,0.9645229704308248,0.9645229704308248,1
5.9976,0.9984920926763964,0.99577309866283,0.99577309866283,1
6.018000000000001,1.0112856384873488,1.0340234657394027,1.0340234657394027,1
6.0384,1.023894022441611,1.0258485217959084,1.0258485217959084,1
6.058800000000001,1.0361103805867882,1.047769454181854,1.047769454181854,1
6.0792,1.0477342808818668,1.0397453002966093,1.0397453002966093,1
6.099600000000001,1.058575011657055,1.065976129414005,1.065976129414005,1
6.12,1.068454710592869,1.0423241735581628,1.0423241735581628,1
6.1404000000000005,1.077211282881778,1.110373896474142,1.110373896474142,1
6.1608,1.084701060694525,1.082337779791954,1.082337779791954,1
6.1812000000000005,1.0908011603176595,1.0771975962377227,1.0771975962377227,1
6.201600000000001,1.0954114982890468,1.1087391599296852,1.1087391599296852,1
6.222,1.0984564334529203,1.0892420377051495,1.0892420377051495,1
6.242400000000001,1.0998860079935069,1.073200838565452,1.073200838565452,1
6.2628,1.0996767670857637,1.0727424169698123,1.0727424169698123,1
6.283200000000001,1.0978321437153404,1.1117076067691432,1.1117076067691432,1
6.3036,1.0943824023540736,1.0911909335911485,1.0911909335911485,1
6.324000000000001,1.0893841424151265,1.0867101112217576,1.0867101112217576,1
6.3444,1.0829193696345092,1.1044742457540344,1.1044742457540344,1
6.364800000000001,1.0750941506146992,1.0525576344395642,1.0525576344395642,1
6.3852,1.0660368726050595,1.051423317547763,1.051423317547763,1
6.405600000000001,1.0558961370706028,1.0481985408869774,1.0481985408869774,1
6.426,1.044838321609003,1.0467253533953444,1.0467253533953444,1
6.446400000000001,1.033044850217148,1.0322014211913366,1.0322014211913366,1
6.4668,1.0207092166935638,1.0149714728457655,1.0149714728457655,1
6.4872000000000005,1.0080338100133397,1.0068012819714265,,0
6.5076,0.9952265937611506,0.9930804882353272,0.9930804882353272,1
6.5280000000000005,0.9824976941024726,0.9681056063314368,0.9681056063314368,1
6.548400000000001,0.9700559522736284,0.9537960925025468,0.9537960925025468,1
6.5688,0.9581054981534968,0.9635958253079756,0.9635958253079756,1
6.589200000000001,0.946842401133776,0.9290240994738654,0.9290240994738654,1
6.6096,0.9364514532365212,0.913304348052704,0.913304348052704,1
6.630000000000001,0.9271031372578588,0.9208572922353448,0.9208572922353448,1
6.6504,0.918950829681138,0.9157974893578616,0.9157974893578616,1
6.670800000000001,0.9121282842508976,0.9572627541968616,0.9572627541968616,1
6.6912,0.9067474374943116,0.8926534319771869,0.8926534319771869,1
6.711600000000001,0.9028965721945936,0.9217617866939836,0.9217617866939836,1
6.732,0.9006388689479992,0.9155826356320916,0.9155826356320916,1
6.752400000000001,0.9000113695688183,0.8762324704647436,0.8762324704647436,1
6.7728,0.9010243693496258,0.9164894288976778,0.9164894288976778,1
6.793200000000001,0.9036612481478884,0.879983635344022,0.879983635344022,1
6.8136,0.907878743070266,0.8546952983103311,0.8546952983103311,1
6.8340000000000005,0.9136076582807164,0.925734048767904,,0
6.8544,0.9207540002866806,0.8856361886179263,0.8856361886179263,1
6.8748000000000005,0.9292005200768748,0.938219209312993,0.938219209312993,1
6.895200000000001,0.9388086368090474,0.9251284188543032,0.9251284188543032,1
6.9156,0.949420711486042,0.9826117274098396,0.9826117274098396,1
6.936000000000001,0.96086263331628,0.9822328213026,0.9822328213026,1
6.9564,0.9729466763246144,0.9638789602475868,0.9638789602475868,1
6.976800000000001,0.9854745793455628,0.9717178271249892,0.9717178271249892,1
6.9972,0.9982407988658898,0.9739592508040074,0.9739592508040074,1
7.017600000000001,1.0110358813476392,1.002217428701787,1.002217428701787,1
7.038,1.0236498997023722,1.018042789798682,1.018042789798682,1
7.058400000000001,1.03587589753489,1.0285820266470564,1.0285820266470564,1
7.0788,1.0475132846472082,1.0506473617526555,1.0506473617526555,1
7.099200000000001,1.0583711280932528,1.0699415580478304,1.0699415580478304,1
7.1196,1.0682712847883975,1.075264373928261,,0
7.140000000000001,1.077051324277579,1.06176844579945,,0
7.1604,1.0845671937085417,1.0558113642325102,,0
7.1808000000000005,1.0906955812863863,1.1179862182484357,,0
7.201200000000001,1.095335939432551,1.0815469557415522,,0
7.2216,1.0984121344545543,1.0853662624558542,,0
7.242000000000001,1.0998736956606017,1.0894499094145795,,0
7.2624,1.0996966434250046,1.0628352524218716,,0
7.282800000000001,1.097883882618472,1.0883244025376624,,0
7.3032,1.0944651549483118,1.0848720386681527,,0
7.323600000000001,1.0894965509904917,1.1019037169573618,,0
7.344,1.0830595899195814,1.097028732901728,,0
7.364400000000001,1.0752598820353136,1.0753352998170391,,0
7.3848,1.0662253960295005,1.0848623635117869,,0
7.405200000000001,1.0561043594220056,1.062903659098031,,0
7.4256,1.0450628266130275,1.0447491843809764,,0
7.446000000000001,1.0332819544522984,1.036500517818263,,0
7.4664,1.0209550300245642,1.0171419601529363,,0
7.486800000000001,1.0082842994160208,1.000387309135352,,0
7.507200000000001,0.9954776494917064,0.9901229787538268,,0
7.5276,0.9827451971254352,0.9601849704960352,,0
7.548000000000001,0.970295841842296,0.975904675948622,,0
7.5684,0.9583338384340232,0.9384713662154316,0.9384713662154316,1
7.588800000000001,0.947055445779834,0.9638880710613068,0.9638880710613068,1
7.6092,0.9366457068550704,0.9316565352518512,0.9316565352518512,1
7.629600000000001,0.9272754127575602,0.928265312390562,0.928265312390562,1
7.65,0.9190983005625052,0.9289750360881244,0.9289750360881244,1
7.670400000000001,0.91224853098027,0.9251148202815288,0.9251148202815288,1
7.6908,0.9068384872007974,0.8754260190281283,0.8754260190281283,1
7.711200000000001,0.9029569310386794,0.8988188575153999,0.8988188575153999,1
7.7316,0.9006675466307621,0.9182711248723776,0.9182711248723776,1
7.752000000000001,0.9000078955796184,0.8660457791909733,0.8660457791909733,1
7.7724,0.9009888006857072,0.9087344101936085,0.9087344101936085,1
7.792800000000001,0.903594168379233,0.8584828837911892,0.8584828837911892,1
7.8132,0.9077812527650452,0.887331115892333,0.887331115892333,1
7.833600000000001,0.9134813569484256,0.9142539679852296,0.9142539679852296,1
7.854000000000001,0.9206009601352168,0.8874666580887777,0.8874666580887777,1
7.8744,0.9290232520141154,0.9093130372604324,0.9093130372604324,1
7.894800000000001,0.9386100492467476,0.909173349097476,0.909173349097476,1
7.9152,0.949204062621936,0.9821667612660874,0.9821667612660874,1
7.935600000000001,0.960631477677298,0.9639160327870449,,0
7.956,0.9727048064482676,0.984050612005321,0.984050612005321,1
7.976400000000001,0.985225963556322,0.9807724615460188,0.9807724615460188,1
7.9968,0.9979895161674543,0.9909208811923104,0.9909208811923104,1
8.0172,1.010786054499306,0.9784565707262854,0.9784565707262854,1
8.037600000000001,1.0234056275775143,1.017568880322557,1.017568880322557,1
8.058,1.0356411878713248,1.0204113436350923,1.0204113436350923,1
8.0784,1.047291988292821,1.064450466778668,1.064450466778668,1
8.0988,1.0581668758256824,1.080988913158834,1.080988913158834,1
8.119200000000001,1.0680874277453871,1.0974190020568708,1.0974190020568708,1
8.1396,1.0768908789753389,1.0939419177645635,1.0939419177645635,1
8.16,1.0844327925502015,1.0724597138117418,1.0724597138117418,1
8.1804,1.0905894293725296,1.0682714896533216,1.0682714896533216,1
8.200800000000001,1.0952597783824474,1.1105930420153491,1.1105930420153491,1
8.221200000000001,1.0983672138316614,1.1054930701811072,1.1054930701811072,1
8.2416,1.0998607524711543,1.0644899834576138,1.0644899834576138,1
8.262,1.0997158900260613,1.1068255258809367,1.1068255258809367,1
8.2824,1.0979350032338018,1.1142253996835592,1.1142253996835592,1
8.302800000000001,1.0945473108492896,1.0957258226329225,1.0957258226329225,1
8.3232,1.089608394257,1.0859073208368133,1.0859073208368133,1
8.3436,1.083199285555141,1.0670463158028138,1.0670463158028138,1
8.364,1.07542513807361,1.0464944440823425,1.0464944440823425,1
8.384400000000001,1.0664135011383464,1.082419460125147,1.082419460125147,1
8.4048,1.0563122273877827,1.0501299384923486,1.0501299384923486,1
8.4252,1.0452870469757471,1.040617713744873,1.040617713744873,1
8.4456,1.0335188484605362,1.0681732721989188,1.0681732721989188,1
8.466000000000001,1.0212007109922048,1.0348907331293886,1.0348907331293886,1
8.4864,1.008534736490565,1.0159512365161871,1.0159512365161871,1
8.5068,0.9957287337878864,0.998569969891631,0.998569969891631,1
8.5272,0.9829928091391108,1.013392706354426,1.013392706354426,1
8.547600000000001,0.9705359190385708,1.0049277051868946,1.0049277051868946,1
8.568000000000001,0.9585624419006712,0.977152544130262,0.977152544130262,1
8.5884,0.9472688248524718,0.9589133166804302,0.9589133166804302,1
8.6088,0.9368403606537676,0.8949482992296446,0.8949482992296446,1
8.6292,0.9274481476252798,0.92992258590995,0.92992258590995,1
8.649600000000001,0.9192462824629756,0.9166441433791016,0.9166441433791016,1
8.67,0.9123693319956137,0.914248396583325,0.914248396583325,1
8.6904,0.9069301253660306,0.925791047112481,0.925791047112481,1
8.7108,0.9030179028595308,0.8482243595157396,0.8482243595157396,1
8.731200000000001,0.9006968517512868,0.8893106106818831,0.8893106106818831,1
8.7516,0.9000050531948949,0.90540314029371,0.90540314029371,1
8.772,0.9009538574303348,0.8916169465092796,0.8916169465092796,1
8.7924,0.903527697562206,0.8751895752996807,0.8751895752996807,1
8.812800000000001,0.9076843449635518,0.9250636147014876,0.9250636147014876,1
8.833200000000001,0.9133556021149064,0.918893040231829,0.918893040231829,1
8.8536,0.9204484215112404,0.9010263301023508,0.9010263301023508,1
8.874,0.9288464322790718,0.9351427763693884,0.9351427763693884,1
8.894400000000001,0.9384118494567412,0.954843563697737,0.954843563697737,1
8.914800000000001,0.948987734612578,0.9490935875385652,0.9490935875385652,1
8.9352,0.960400570711299,0.976411866779919,0.976411866779919,1
8.9556,0.972463108983198,0.9740283124864312,0.9740283124864312,1
8.976,0.9849774410879244,0.9770728614348372,0.9770728614348372,1
8.996400000000001,0.9977382461683274,0.9745498358403292,0.9745498358403292,1
9.0168,1.01053615952039,1.0088175441809577,1.0088175441809577,1
9.0372,1.023161207609991,1.0270470663709064,1.0270470663709064,1
9.0576,1.0354062530786468,1.0529229083103937,1.0529229083103937,1
9.078,1.0470703932165335,1.044768243846789,1.044768243846789,1
9.0984,1.0579622561445103,1.06711056826893,1.06711056826893,1
9.1188,1.0679031406251775,1.048610900350503,1.048610900350503,1
9.1392,1.0767299479885182,1.0610773648719676,1.0610773648719676,1
9.1596,1.084297858068455,1.0820900720879172,1.0820900720879172,1
9.18,1.0904827052466022,1.0693901359669018,1.0693901359669018,1
9.2004,1.09518301561981,1.1115879723663038,1.1115879723663038,1
9.2208,1.0983216718679834,1.1075842784543557,1.1075842784543557,1
9.2412,1.0998471785069208,1.10542909379477,1.10542909379477,1
9.2616,1.099734506767362,1.106512589271681,1.106512589271681,1
9.282,1.0979855052384246,1.1384063764681205,1.1384063764681205,1
9.3024,1.0946288695380673,1.0852515857787313,1.0852515857787313,1
9.3228,1.0897196715081887,1.0456908457981775,1.0456908457981775,1
9.3432,1.0833384556587948,1.0873244595967242,1.0873244595967242,1
9.3636,1.075589917685742,1.0745778468665086,1.0745778468665086,1
9.384,1.0666011867434253,1.0562508058932172,1.0562508058932172,1
9.4044,1.056519739654926,1.0369431424677509,1.0369431424677509,1
9.4248,1.045510981280865,1.036727190844822,1.036727190844822,1
9.4452,1.0337555307455106,1.0373822993298671,1.0373822993298671,1
9.4656,1.0214462580446342,1.0113899240317834,1.0113899240317834,1
9.486,1.0087851196550743,1.0570341932459493,1.0570341932459493,1
9.5064,0.9959798450637044,0.9767697574310414,0.9767697574310414,1
9.5268,0.983240528579447,0.9673781813252936,0.9673781813252936,1
9.5472,0.9707761823459956,0.925003781545705,0.925003781545705,1
9.5676,0.958791307109458,0.9638209954098887,0.9638209954098887,1
9.588,0.9474825370038702,0.907154404447875,0.907154404447875,1
9.6084,0.9370354134030736,0.9262463207355834,0.9262463207355834,1
9.6288,0.9276213407699312,0.9221079300787202,0.9221079300787202,1
9.6492,0.9193947744478154,0.9052002151308776,0.9052002151308776,1
9.6696,0.9124906865338824,0.9472681400829728,0.9472681400829728,1
9.69,0.9070223514111748,0.9269102392374848,0.9269102392374848,1
9.7104,0.9030794872720171,0.9294622247980486,0.9294622247980486,1
9.7308,0.9007267841244664,0.8830784077534679,0.8830784077534679,1
9.7512,0.9000028424326016,0.9225747237228932,0.9225747237228932,1
9.7716,0.90091953980423,0.9108395587311092,0.9108395587311092,1
9.792000000000002,0.9034618361166727,0.9188899550902098,0.9188899550902098,1
9.8124,0.9075880202779084,0.9281767968535636,0.9281767968535636,1
9.8328,0.9132303945744946,0.8950551296553135,0.8950551296553135,1
9.8532,0.9202963853782702,0.9118100329587122,0.9118100329587122,1
9.8736,0.9286700619886332,0.9459219822152024,0.9459219822152024,1
9.894,0.9382140386909664,0.8851016568314677,0.8851016568314677,1
9.9144,0.948771728824412,0.979038290475876,0.979038290475876,1
9.9348,0.960169913876818,0.9712325551609696,0.9712325551609696,1
9.9552,0.972221585456098,0.9713075062428932,0.9713075062428932,1
9.9756,0.9847290135101732,0.9891391666253168,0.9891391666253168,1
9.996,0.997486990455666,0.9768882847894866,0.9768882847894866,1
10.0164,1.0102861979893645,1.0032873306975825,1.0032873306975825,1
10.0368,1.0229166413436928,1.0449223281081002,1.0449223281081002,1
10.0572,1.0351710946408308,1.0611315340873553,1.0611315340873553,1
10.0776,1.0468485008180592,1.1007729818693308,,0
10.098,1.0577572703422269,1.0562787770166189,1.0562787770166189,1
10.1184,1.0677184245918274,1.0545473652557271,1.0545473652557271,1
10.138800000000002,1.0765685323336442,1.0662838530148444,,0
10.1592,1.0841623911156213,1.063801553609874,1.063801553609874,1
10.1796,1.0903754095827316,1.0888183144639143,1.0888183144639143,1
10.2,1.0951056516295157,1.1027603002297608,,0
10.2204,1.098275508851189,1.09759066324055,1.09759066324055,1
10.2408,1.0998329738536416,1.1217599107669576,1.1217599107669576,1
10.2612,1.099752493531313,1.0950681775044222,1.0950681775044222,1
10.2816,1.0980353883133418,1.0910863752633706,1.0910863752633706,1
10.302,1.0947098304994745,1.0830844609622678,1.0830844609622678,1
10.3224,1.0898303820411706,1.0571776915164806,1.0571776915164806,1
10.3428,1.083477099351469,1.0521217448653,1.0521217448653,1
10.3632,1.0757542198308707,1.052171061218117,,0
10.3836,1.0667884516592108,1.092817013092506,1.092817013092506,1
10.404,1.056726894912676,1.0746321003704746,1.0746321003704746,1
10.4244,1.0457346281138904,1.0732339094417502,1.0732339094417502,1
10.4448,1.0339919998122062,1.007347766720316,1.007347766720316,1
10.4652,1.021691669630841,0.9823191758351204,0.9823191758351204,1
10.485600000000002,1.0090354473279926,0.9958343209253108,0.9958343209253108,1
10.506,0.996230981733006,0.9997473607989265,0.9997473607989265,1
10.5264,0.983488353881714,0.9934621593799106,0.9934621593799106,1
10.5468,0.971016630246934,0.9919760733662952,,0
10.5672,0.9590204326147442,0.9647060260308884,0.9647060260308884,1
10.5876,0.9476965808841078,0.9825499564972204,0.9825499564972204,1
10.608,0.9372308638709298,0.9327787502519634,0.9327787502519634,1
10.6284,0.9277949910975308,0.9095334067366948,0.9095334067366948,1
10.6488,0.9195437755790672,0.8859194112691785,0.8859194112691785,1
10.6692,0.912612593828536,0.8948331666666269,0.8948331666666269,1
10.6896,0.90711516475368,0.9119575239733824,0.9119575239733824,1
10.71,0.9031416838871368,0.8853672787400643,0.8853672787400643,1
10.7304,0.9007573435612312,0.9194921928319364,0.9194921928319364,1
10.7508,0.9000012633067034,0.9282478174274522,0.9282478174274522,1
10.7712,0.9008858480241608,0.8534941099196289,0.8534941099196289,1
10.7916,0.9033965844586502,0.9206776304686032,0.9206776304686032,1
10.812,0.9074922793165544,0.8627001981433197,0.8627001981433197,1
10.832400000000002,0.9131057351180696,0.9211357162198752,0.9211357162198752,1
10.8528,0.9201448526966476,0.9446422639805206,0.9446422639805206,1
10.8732,0.9284941422568492,0.9297912643837208,0.9297912643837208,1
10.8936,0.9380166181989044,0.9124228347348194,0.9124228347348194,1
10.914,0.9485560466218496,0.9368474225362942,0.9368474225362942,1
10.9344,0.9599395086308076,0.9547065997165896,0.9547065997165896,1
10.9548,0.97198023739256,0.9683353417167612,0.9683353417167612,1
10.9752,0.984480682392274,0.9804227455769404,0.9804227455769404,1
10.9956,0.9972357506165398,0.9950380950303536,0.9950380950303536,1
11.016,1.0100361714851214,1.0143057724633249,1.0143057724633249,1
11.0364,1.0226719303234315,0.9985004572487672,,0
11.0568,1.0349357140432671,1.0300953174458627,1.0300953174458627,1
11.0772,1.0466263124989923,1.0769915359061066,1.0769915359061066,1
11.0976,1.057551919713633,1.0498590112507826,1.0498590112507826,1
11.118,1.067533280812102,1.058656558948998,1.058656558948998,1
11.1384,1.0764066330303048,1.0979705791045895,1.0979705791045895,1
11.1588,1.0840263925473843,1.0328426992205024,1.0328426992205024,1
11.179200000000002,1.0902675430586564,1.113895115084422,1.113895115084422,1
11.1996,1.0950276869002356,1.0823896117401322,1.0823896117401322,1
11.22,1.098228725072869,1.1015072965219208,1.1015072965219208,1
11.2404,1.0998181386010413,1.101744565719465,1.101744565719465,1
11.2608,1.0997698502043,1.118619212588708,1.118619212588708,1
11.2812,1.0980846521434653,1.0927327572187584,1.0927327572187584,1
11.3016,1.094790193222118,1.081229677590829,1.081229677590829,1
11.322,1.0899405251566372,1.1158974409696591,1.1158974409696591,1
11.3424,1.0836152157574148,1.0363317394145912,1.0363317394145912,1
11.3628,1.075918043471176,1.076324727105281,1.076324727105281,1
11.3832,1.0669752947028364,1.0400167862502538,1.0400167862502538,1
11.4036,1.0569336918525265,1.0417022240873952,1.0417022240873952,1
11.424,1.045957986062148,1.086183119691411,1.086183119691411,1
11.444400000000002,1.0342282541669563,1.0333363456378393,1.0333363456378393,1
11.4648,1.0219369442006725,1.0258383381437002,1.0258383381437002,1
11.4852,1.009285717928117,0.9736544608140052,0.9736544608140052,1
11.5056,0.9964821422094754,0.9819012490335814,0.9819012490335814,1
11.526000000000002,0.9837362834805112,0.9876674314950868,0.9876674314950868,1
11.5464,0.9712572612225884,0.9783524150848526,0.9783524150848526,1
11.5668,0.9592498169692522,0.9715875480571178,0.9715875480571178,1
11.5872,0.9479109551411669,0.9480835131195184,0.9480835131195184,1
11.6076,0.937426710822764,0.9479667949918572,0.9479667949918572,1
11.628,0.9279690975112092,0.9370447357639228,0.9370447357639228,1
11.6484,0.9196932849155608,0.8830984766954703,0.8830984766954703,1
11.6688,0.9127350531095408,0.9134751675477438,0.9134751675477438,1
11.6892,0.9072085648072868,0.9225666129619408,0.9225666129619408,1
11.7096,0.903204492312023,0.9150020887267134,0.9150020887267134,1
11.73,0.9007885298685524,0.8935113536691365,0.8935113536691365,1
11.7504,0.9000003158271745,0.8838877856763871,0.8838877856763871,1
11.7708,0.9008527823029436,0.878486543816511,0.878486543816511,1
11.791200000000002,0.903331943000304,0.9007108627694758,0.9007108627694758,1
11.8116,0.9073971226842408,0.9300587202754352,0.9300587202754352,1
11.832,0.9129816245330478,0.8739455425034157,0.8739455425034157,1
11.8524,0.9199938244235362,0.9067959898289462,0.9067959898289462,1
11.872800000000002,0.928318674194928,0.9055226250863924,0.9055226250863924,1
11.8932,0.9378195892275676,0.9535187396523774,0.9535187396523774,1
11.9136,0.948340689367256,0.93725449683583,0.93725449683583,1
11.934,0.959709356428634,0.950296603265538,0.950296603265538,1
11.9544,0.9717390663170744,0.9674000749183412,0.9674000749183412,1
11.9748,0.9842324493028172,0.9931403143207131,0.9931403143207131,1
11.9952,0.9969845282379148,0.9891367482749222,0.9891367482749222,1
12.0156,1.0097860815869653,0.9488632204909668,0.9488632204909668,1
12.036,1.0224270760949392,1.0332933139226896,1.0332933139226896,1
12.0564,1.0347001127727444,1.0434809719261853,1.0434809719261853,1
12.0768,1.046403829662795,1.0420130090961708,1.0420130090961708,1
12.0972,1.0573462055558356,1.0356654731423969,1.0356654731423969,1
12.1176,1.0673477104554734,1.0743833126691005,,0
12.138000000000002,1.0762442511011452,1.0838289617718568,1.0838289617718568,1
12.1584,1.0838898632227842,1.0744892055687667,1.0744892055687667,1
12.1788,1.0901591063557186,1.0858244769442078,1.0858244769442078,1
12.1992,1.0949491219244392,1.0763459918739526,1.0763459918739526,1
12.219600000000002,1.0981813208285347,1.094609538986788,1.094609538986788,1
12.24,1.0998026728428272,1.0687940859411575,1.0687940859411575,1
12.2604,1.0997865766766894,1.108132953097326,1.108132953097326,1
12.2808,1.0981332964176171,1.0792459266011312,1.0792459266011312,1
12.3012,1.0948699571983838,1.09963202015503,1.09963202015503,1
12.3216,1.090050100158865,1.061930841833507,1.061930841833507,1
12.342,1.0837528040042144,1.0719516510868237,1.0719516510868237,1
12.3624,1.0760813875718565,1.073871599470538,1.073871599470538,1
12.3828,1.0671617146941,1.0339477184567147,1.0339477184567147,1
12.403200000000002,1.0571401291682363,1.059443086631038,1.059443086631038,1
12.4236,1.046181053714789,1.0385981024571906,1.0385981024571906,1
12.444,1.034464292317451,0.9996171683612664,0.9996171683612664,1
12.4644,1.022182080204842,0.9961172251225956,0.9961172251225956,1
12.484800000000002,1.0095359298745987,1.021638331556242,,0
12.5052,0.996733324906648,1.0146444446176743,1.0146444446176743,1
12.5256,0.9839843158097812,0.9813461430141818,0.9813461430141818,1
12.546,0.971498073753002,0.979593309993812,0.979593309993812,1
12.566400000000002,0.9594794587240622,0.9639563299903204,0.9639563299903204,1
12.5868,0.9481256584209444,0.9547181180634992,0.9547181180634992,1
12.6072,0.9376229530215004,0.9633426331631064,0.9633426331631064,1
12.6276,0.928143658911216,0.8980036909469307,0.8980036909469307,1
12.648,0.9198433015129124,0.9333725161601448,0.9333725161601448,1
12.6684,0.912858063603379,0.9052178844918224,0.9052178844918224,1
12.6888,0.9073025509820296,0.9028173722969968,0.9028173722969968,1
12.7092,0.9032679121499434,0.897222917540842,0.897222917540842,1
12.7296,0.900820342849439,0.8933174005162133,0.8933174005162133,1
12.750000000000002,0.9,0.8754760761643396,0.8754760761643396,1
12.7704,0.900820342849439,0.9044871268345912,,0
12.7908,0.9032679121499434,0.9366867728057204,0.9366867728057204,1
12.8112,0.9073025509820296,0.9061798905730546,0.9061798905730546,1
12.831600000000002,0.9128580636033792,0.9128303627486772,0.9128303627486772,1
12.852,0.9198433015129126,0.9060973207697792,0.9060973207697792,1
12.8724,0.9281436589112164,0.9257941679828542,0.9257941679828542,1
12.8928,0.9376229530215008,0.9469462815421814,0.9469462815421814,1
12.913200000000002,0.948125658420945,0.940720809606858,0.940720809606858,1
12.9336,0.9594794587240626,0.9504033779030224,0.9504033779030224,1
12.954,0.9714980737530023,0.9795633645562674,0.9795633645562674,1
12.9744,0.9839843158097816,0.9656242204134006,0.9656242204134006,1
12.9948,0.9967333249066485,1.0017832574481855,1.0017832574481855,1
13.0152,1.0095359298745992,1.0259423658198277,1.0259423658198277,1
13.0356,1.0221820802048425,1.049381051038432,1.049381051038432,1
13.056,1.0344642923174514,1.0326566521719125,1.0326566521719125,1
13.0764,1.0461810537147895,1.073532998510924,1.073532998510924,1
13.096800000000002,1.0571401291682367,1.077828326897867,1.077828326897867,1
13.1172,1.0671617146941004,1.047237461886679,1.047237461886679,1
13.1376,1.076081387571857,1.0517226173399936,1.0517226173399936,1
13.158,1.0837528040042146,1.0776535312471265,1.0776535312471265,1
13.178400000000002,1.090050100158865,1.110628810010762,1.110628810010762,1
13.1988,1.0948699571983838,1.0934242170471835,1.0934242170471835,1
13.2192,1.0981332964176174,1.0861201452644615,1.0861201452644615,1
13.2396,1.0997865766766894,1.1308314402776607,1.1308314402776607,1
13.260000000000002,1.0998026728428272,1.105540762602894,1.105540762602894,1
13.2804,1.0981813208285347,1.0517694353127198,1.0517694353127198,1
13.3008,1.0949491219244392,1.101292334450293,1.101292334450293,1
13.3212,1.0901591063557186,1.100559918647136,1.100559918647136,1
13.3416,1.083889863222784,1.088402036312206,1.088402036312206,1
13.362,1.076244251101145,1.0852384931057848,1.0852384931057848,1
13.3824,1.067347710455473,1.0660021982770134,1.0660021982770134,1
13.4028,1.0573462055558351,1.0309782881629403,1.0309782881629403,1
13.4232,1.0464038296627949,1.0389897495983855,1.0389897495983855,1
13.443600000000002,1.034700112772744,1.0157877968616182,1.0157877968616182,1
13.464,1.0224270760949388,1.003772257879051,1.003772257879051,1
13.4844,1.0097860815869648,0.9845247146049192,0.9845247146049192,1
13.5048,0.9969845282379144,1.0060343100907074,1.0060343100907074,1
13.525200000000002,0.9842324493028168,0.9861903722110692,0.9861903722110692,1
13.5456,0.971739066317074,0.9627757590634596,0.9627757590634596,1
13.566,0.9597093564286334,0.9467225978740256,0.9467225978740256,1
13.5864,0.9483406893672556,0.9478722272668266,0.9478722272668266,1
13.606800000000002,0.9378195892275673,0.9594034837898168,0.9594034837898168,1
13.6272,0.9283186741949276,0.8882343598849494,0.8882343598849494,1
13.6476,0.919993824423536,0.9275313548405538,0.9275313548405538,1
13.668,0.9129816245330477,0.902067385052692,0.902067385052692,1
13.6884,0.9073971226842408,0.8697054057846517,,0
13.7088,0.903331943000304,0.8644178813370248,0.8644178813370248,1
13.7292,0.9008527823029436,0.8825971124202378,0.8825971124202378,1
13.7496,0.9000003158271745,0.9043905069430356,0.9043905069430356,1
13.77,0.9007885298685524,0.908649788548154,0.908649788548154,1
13.790400000000002,0.9032044923120232,0.8844248608584676,0.8844248608584676,1
13.8108,0.907208564807287,0.9275489846355518,,0
13.8312,0.9127350531095412,0.9411947230398632,0.9411947230398632,1
13.8516,0.9196932849155612,0.9276150166146924,0.9276150166146924,1
13.872000000000002,0.9279690975112096,0.9161410441550474,0.9161410441550474,1
13.8924,0.9374267108227642,0.9599150945129716,0.9599150945129716,1
13.9128,0.9479109551411672,0.963018869054434,,0
13.9332,0.9592498169692526,0.976597965196351,0.976597965196351,1
13.953600000000002,0.9712572612225888,0.958127987723158,,0
13.974,0.9837362834805116,0.9270451933750176,0.9270451933750176,1
13.9944,0.9964821422094758,1.0388179626391494,1.0388179626391494,1
14.0148,1.0092857179281174,0.9770681498591188,0.9770681498591188,1
14.0352,1.021936944200673,1.0212215827634683,1.0212215827634683,1
14.055600000000002,1.0342282541669583,1.0818431611913533,1.0818431611913533,1
14.076,1.0459579860621484,1.0525695211876358,1.0525695211876358,1
14.0964,1.056933691852527,1.0759186213236918,1.0759186213236918,1
14.1168,1.0669752947028366,1.0369273633152023,1.0369273633152023,1
14.137200000000002,1.0759180434711766,1.0403647043765023,1.0403647043765023,1
14.1576,1.083615215757415,1.072961159917824,1.072961159917824,1
14.178,1.0899405251566374,1.1117555198453275,,0
14.1984,1.0947901932221182,1.087865204269172,1.087865204269172,1
14.218800000000002,1.0980846521434655,1.0821919257220356,,0
14.2392,1.0997698502043,1.1037291960031994,1.1037291960031994,1
14.2596,1.0998181386010413,1.121456842970587,1.121456842970587,1
14.28,1.0982287250728688,1.0693299210914011,1.0693299210914011,1
14.300400000000002,1.095027686900235,1.0708168270177685,1.0708168270177685,1
14.3208,1.090267543058656,1.0744941579684688,1.0744941579684688,1
14.3412,1.084026392547384,1.1059191600416258,1.1059191600416258,1
14.3616,1.0764066330303046,1.081103063549279,1.081103063549279,1
14.382,1.0675332808121016,1.1101763490235106,1.1101763490235106,1
14.402400000000002,1.0575519197136325,1.0762808342302548,1.0762808342302548,1
14.4228,1.0466263124989923,1.0459244089615989,1.0459244089615989,1
14.4432,1.034935714043267,1.060237270805042,1.060237270805042,1
14.4636,1.0226719303234313,1.0269018705780688,1.0269018705780688,1
14.484000000000002,1.010036171485121,0.995937744434972,0.995937744434972,1
14.5044,0.9972357506165394,1.0108352475014415,1.0108352475014415,1
14.5248,0.9844806823922736,0.9705541493150518,0.9705541493150518,1
14.5452,0.9719802373925598,0.9661722953764824,0.9661722953764824,1
14.565600000000002,0.9599395086308072,0.9864951625499668,0.9864951625499668,1
14.586,0.9485560466218492,0.9465304168975012,0.9465304168975012,1
14.6064,0.938016618198904,0.9219537904520714,0.9219537904520714,1
14.6268,0.9284941422568492,0.9192073884281392,0.9192073884281392,1
14.647200000000002,0.9201448526966473,0.9405806644084206,0.9405806644084206,1
14.6676,0.9131057351180694,0.9020549216497348,0.9020549216497348,1
14.688,0.9074922793165544,0.8997548623795414,0.8997548623795414,1
14.7084,0.90339658445865,0.8931907296659776,0.8931907296659776,1
14.7288,0.9008858480241608,0.9045643579109672,0.9045643579109672,1
14.749200000000002,0.9000012633067034,0.8922914680991912,0.8922914680991912,1
14.7696,0.9007573435612314,0.8687206225817806,0.8687206225817806,1
14.79,0.9031416838871372,0.8853980650502363,0.8853980650502363,1
14.8104,0.9071151647536804,0.8884593839235515,0.8884593839235515,1
14.830800000000002,0.9126125938285368,0.93747898151764,0.93747898151764,1
14.8512,0.9195437755790674,0.9357972564212482,0.9357972564212482,1
14.8716,0.927794991097531,0.9395401786855276,0.9395401786855276,1
14.892,0.93723086387093,0.927123697525642,0.927123697525642,1
14.912400000000002,0.9476965808841094,0.93138075004423,0.93138075004423,1
14.9328,0.9590204326147448,0.9488700805815976,0.9488700805815976,1
14.9532,0.9710166302469344,0.9499790281959012,0.9499790281959012,1
14.9736,0.9834883538817144,1.0334323617134549,1.0334323617134549,1
14.994000000000002,0.9962309817330078,0.9513245487655798,0.9513245487655798,1
15.014400000000002,1.0090354473279946,1.0203156180294708,1.0203156180294708,1
15.0348,1.0216916696308411,0.9960006236709906,0.9960006236709906,1
15.0552,1.033991999812207,1.0319051299823128,1.0319051299823128,1
15.0756,1.045734628113892,1.0259745892640173,1.0259745892640173,1
15.096000000000002,1.0567268949126762,1.0331743156630235,1.0331743156630235,1
15.1164,1.066788451659211,1.0439845256405118,1.0439845256405118,1
15.1368,1.075754219830871,1.110853942905712,1.110853942905712,1
15.1572,1.0834770993514702,1.0808173309052784,1.0808173309052784,1
15.177600000000002,1.0898303820411708,1.074516338151609,1.074516338151609,1
15.198,1.0947098304994745,1.105825569781132,1.105825569781132,1
15.2184,1.098035388313342,1.098242374604668,1.098242374604668,1
15.2388,1.0997524935313132,1.1141531687181463,1.1141531687181463,1
15.259200000000002,1.0998329738536416,1.063347840734885,,0
15.2796,1.0982755088511889,1.104347586940429,1.104347586940429,1
15.3,1.0951056516295157,1.1105595483715631,1.1105595483715631,1
15.3204,1.0903754095827312,1.05714344376044,,0
15.340800000000002,1.084162391115621,1.0931262968040871,1.0931262968040871,1
15.361200000000002,1.0765685323336434,1.1104921637902063,1.1104921637902063,1
15.3816,1.067718424591827,1.067421270524733,1.067421270524733,1
15.402,1.057757270342226,1.0741853890827222,1.0741853890827222,1
15.4224,1.0468485008180588,1.060259909824277,1.060259909824277,1
15.442800000000002,1.035171094640831,1.0210209806906194,1.0210209806906194,1
15.4632,1.0229166413436923,1.0237119760354223,1.0237119760354223,1
15.4836,1.0102861979893631,0.9789463037721312,0.9789463037721312,1
15.504,0.9974869904556656,0.9884609297136152,0.9884609297136152,1
15.524400000000002,0.9847290135101736,0.9900427730094982,0.9900427730094982,1
15.5448,0.9722215854560976,0.9866835953308536,0.9866835953308536,1
15.5652,0.9601699138768168,0.9606621563817752,0.9606621563817752,1
15.5856,0.9487717288244116,0.9631714034272748,0.9631714034272748,1
15.606000000000002,0.9382140386909664,0.9161559144318592,0.9161559144318592,1
15.6264,0.9286700619886328,0.9266361164975354,0.9266361164975354,1
15.6468,0.9202963853782704,0.9206819730685318,0.9206819730685318,1
15.6672,0.9132303945744944,0.9502222195080872,0.9502222195080872,1
15.687600000000002,0.9075880202779084,0.9033046871539068,0.9033046871539068,1
15.708000000000002,0.9034618361166724,0.8934815033567887,0.8934815033567887,1
15.7284,0.90091953980423,0.9013465642811008,0.9013465642811008,1
15.7488,0.9000028424326016,0.8816205735352027,0.8816205735352027,1
15.7692,0.9007267841244664,0.9045818611057704,0.9045818611057704,1
15.789600000000002,0.9030794872720171,0.895778382941092,0.895778382941092,1
15.81,0.9070223514111746,0.8711958004503509,0.8711958004503509,1
15.8304,0.9124906865338828,0.9113189555112056,0.9113189555112056,1
15.8508,0.9193947744478153,0.9130439125692112,0.9130439125692112,1
15.871200000000002,0.9276213407699316,0.894972874728572,0.894972874728572,1
15.8916,0.9370354134030734,0.9356927303107828,0.9356927303107828,1
15.912,0.9474825370038706,0.9772696562453602,0.9772696562453602,1
15.9324,0.9587913071094576,0.969217382074972,0.969217382074972,1
15.952800000000002,0.9707761823459958,0.983014726200619,0.983014726200619,1
15.9732,0.9832405285794468,0.9564105940677858,,0
15.9936,0.9959798450637048,1.005517812442149,1.005517812442149,1
16.014000000000003,1.0087851196550754,1.0117541112826771,1.0117541112826771,1
16.0344,1.0214462580446346,1.0320271628113231,1.0320271628113231,1
16.0548,1.0337555307455095,1.0422081031796862,1.0422081031796862,1
16.075200000000002,1.0455109812808667,1.0183153667707905,1.0183153667707905,1
16.0956,1.0565197396549255,1.0556917234237664,1.0556917234237664,1
16.116,1.0666011867434246,1.0514437695349212,1.0514437695349212,1
16.136400000000002,1.0755899176857422,1.0745882358000458,1.0745882358000458,1
16.1568,1.083338455658795,1.0653904371207583,1.0653904371207583,1
16.177200000000003,1.0897196715081892,1.115969078851009,1.115969078851009,1
16.1976,1.0946288695380677,1.0774494217691806,1.0774494217691806,1
16.218,1.0979855052384244,1.0800066621091138,1.0800066621091138,1
16.238400000000002,1.099734506767362,1.1012262348982331,1.1012262348982331,1
16.2588,1.0998471785069208,1.0783051971188409,1.0783051971188409,1
16.2792,1.0983216718679834,1.089828405819326,1.089828405819326,1
16.2996,1.09518301561981,1.078583723669051,1.078583723669051,1
16.32,1.090482705246602,1.1187061465243942,,0
16.340400000000002,1.0842978580684544,1.100013934605078,1.100013934605078,1
16.3608,1.0767299479885175,1.07558055761921,1.07558055761921,1
16.3812,1.0679031406251782,1.0600787995816978,1.0600787995816978,1
16.401600000000002,1.0579622561445092,1.0767806084360114,1.0767806084360114,1
16.422,1.0470703932165335,1.0551744748229914,1.0551744748229914,1
16.442400000000003,1.0354062530786452,1.0453673011723024,1.0453673011723024,1
16.4628,1.0231612076099903,1.0226373628631056,1.0226373628631056,1
16.4832,1.01053615952039,0.9767715589649616,0.9767715589649616,1
16.503600000000002,0.9977382461683262,0.9954889265171352,0.9954889265171352,1
16.524,0.9849774410879238,0.9743276427037424,0.9743276427037424,1
16.5444,0.9724631089831988,0.9853642144523964,0.9853642144523964,1
16.5648,0.960400570711298,0.9806374193711818,0.9806374193711818,1
16.5852,0.948987734612578,0.9358287137173548,0.9358287137173548,1
16.605600000000003,0.9384118494567396,0.9477795541422808,0.9477795541422808,1
16.626,0.9288464322790716,0.9635640122327858,,0
16.6464,0.9204484215112408,0.9070941670998296,,0
16.666800000000002,0.913355602114906,0.9469940369163689,,0
16.6872,0.9076843449635515,0.8906326280201388,,0
16.707600000000003,0.9035276975622052,0.9039868926743644,,0
16.728,0.9009538574303348,0.900730945193498,,0
16.7484,0.9000050531948949,0.9002350311922961,,0
16.768800000000002,0.900696851751287,0.8839432909131281,,0
16.7892,0.9030179028595308,0.8911942407842423,,0
16.8096,0.9069301253660303,0.8935757196388425,,0
16.830000000000002,0.912369331995614,0.918908583903703,,0
16.8504,0.919246282462976,0.9258469847531822,,0
16.870800000000003,0.927448147625281,0.9719670342600464,,0
16.8912,0.9368403606537684,0.9642601407795908,,0
16.9116,0.947268824852471,0.9370719600097014,,0
16.932000000000002,0.958562441900673,0.9650598342165968,,0
16.9524,0.9705359190385712,0.9904782786544064,,0
16.9728,0.9829928091391104,0.9836048456258808,,0
16.9932,0.9957287337878868,0.994335902218948,,0
17.0136,1.0085347364905648,1.009566235345963,,0
17.034000000000002,1.0212007109922066,1.0385462435683752,,0
17.0544,1.033518848460537,1.0165524380044326,,0
17.0748,1.0452870469757465,1.0387736575993427,,0
17.095200000000002,1.056312227387784,1.0657208902847135,,0
17.1156,1.0664135011383469,1.07264244256943,,0
17.136000000000003,1.0754251380736108,1.0802167932707387,,0
17.1564,1.0831992855551411,1.0758032622290652,,0
17.1768,1.0896083942569998,1.1090591100398506,,0
17.197200000000002,1.0945473108492902,1.137224675793381,,0
17.2176,1.0979350032338022,1.1060633131073263,,0
17.238,1.0997158900260613,1.0958523559950646,,0
17.2584,1.0998607524711543,1.1149755582490453,,0
17.2788,1.0983672138316611,1.0875845610966013,,0
17.299200000000003,1.095259778382447,1.080265971488389,,0
17.3196,1.0905894293725291,1.0912456043248036,,0
17.34,1.0844327925502015,1.0327768598908027,,0
17.360400000000002,1.0768908789753386,1.0538118717022984,,0
17.3808,1.0680874277453865,1.0611281906269696,,0
17.401200000000003,1.0581668758256808,1.0310990986627266,,0
17.4216,1.0472919882928202,1.0266391262549777,,0
17.442,1.0356411878713256,1.0269062211221656,,0
17.462400000000002,1.0234056275775134,0.9905463217069012,,0
17.4828,1.0107860544993057,1.002664618574109,,0
17.5032,0.9979895161674546,0.9872841128767976,,0
17.523600000000002,0.985225963556321,0.9857340677240212,0.9857340677240212,1
17.544,0.9727048064482672,0.9957884870581476,0.9957884870581476,1
17.564400000000003,0.9606314776772964,0.9640815660071536,0.9640815660071536,1
17.5848,0.9492040626219352,0.9496253030487763,0.9496253030487763,1
17.6052,0.9386100492467478,0.940599138387362,0.940599138387362,1
17.625600000000002,0.9290232520141152,0.9335711075165376,0.9335711075165376,1
17.646,0.9206009601352164,0.9002661871630212,,0
17.666400000000003,0.913481356948425,0.911185850453009,0.911185850453009,1
17.6868,0.9077812527650448,0.9139562776017772,0.9139562776017772,1
17.7072,0.9035941683792328,0.8761789687283716,0.8761789687283716,1
17.727600000000002,0.9009888006857067,0.918301859142024,0.918301859142024,1
17.748,0.9000078955796184,0.9216354162687822,0.9216354162687822,1
17.7684,0.9006675466307619,0.8880400268617741,0.8880400268617741,1
17.788800000000002,0.9029569310386794,0.8981301752096172,0.8981301752096172,1
17.8092,0.9068384872007972,0.8892746803445958,0.8892746803445958,1
17.829600000000003,0.9122485309802708,0.9262361406520272,0.9262361406520272,1
17.85,0.9190983005625056,0.8978738548135874,0.8978738548135874,1
17.8704,0.9272754127575604,0.922825872552702,0.922825872552702,1
17.890800000000002,0.9366457068550712,0.9194673086989178,,0
17.9112,0.9470554457798348,0.9480745313200608,,0
17.9316,0.9583338384340224,0.922449253004228,0.922449253004228,1
17.952,0.9702958418422966,0.9968250746896103,0.9968250746896103,1
17.9724,0.982745197125435,0.9634530686413096,0.9634530686413096,1
17.992800000000003,0.9954776494917076,0.996675543154033,0.996675543154033,1
18.0132,1.0082842994160213,1.0040338385206151,1.0040338385206151,1
18.0336,1.020955030024564,1.005712739786114,1.005712739786114,1
18.054,1.0332819544522995,1.0155263517195807,1.0155263517195807,1
18.0744,1.045062826613028,1.0637907974840772,1.0637907974840772,1
18.094800000000003,1.0561043594220072,1.0455915475599684,1.0455915475599684,1
18.1152,1.0662253960295005,1.0716487997222468,1.0716487997222468,1
18.1356,1.0752598820353134,1.059229944327426,1.059229944327426,1
18.156,1.0830595899195816,1.0701159612826263,1.0701159612826263,1
18.1764,1.0894965509904917,1.0989414939922484,1.0989414939922484,1
18.1968,1.0944651549483115,1.1130733248705338,1.1130733248705338,1
18.2172,1.0978838826184725,1.094377554571932,,0
18.2376,1.0996966434250046,1.0712582459921958,1.0712582459921958,1
18.258000000000003,1.0998736956606017,1.1398328172556018,1.1398328172556018,1
18.2784,1.0984121344545543,1.0812811482898703,1.0812811482898703,1
18.2988,1.095335939432551,1.0645041914391151,1.0645041914391151,1
18.3192,1.090695581286386,1.1425840730417491,1.1425840730417491,1
18.3396,1.084567193708542,1.076486547831523,1.076486547831523,1
18.360000000000003,1.077051324277578,1.04781667051235,1.04781667051235,1
18.3804,1.068271284788397,1.0546024894526234,1.0546024894526234,1
18.4008,1.0583711280932526,1.065722026013698,1.065722026013698,1
18.4212,1.047513284647207,1.0513195157990858,1.0513195157990858,1
18.4416,1.0358758975348905,1.0188413135898184,1.0188413135898184,1
18.462,1.0236498997023733,1.0601043717049323,1.0601043717049323,1
18.4824,1.0110358813476388,1.0006042877877712,1.0006042877877712,1
18.5028,0.99824079886589,0.974547067057659,0.974547067057659,1
18.523200000000003,0.9854745793455616,1.0046884473147748,1.0046884473147748,1
18.5436,0.972946676324614,0.9995279332554076,0.9995279332554076,1
18.564,0.9608626333162796,0.944512771363955,0.944512771363955,1
18.5844,0.949420711486041,0.9213937656252548,0.9213937656252548,1
18.6048,0.9388086368090476,0.9594174021573596,0.9594174021573596,1
18.625200000000003,0.9292005200768734,0.8882540478157142,0.8882540478157142,1
18.6456,0.9207540002866808,0.8962215670987486,0.8962215670987486,1
18.666,0.9136076582807166,0.9329565812817212,0.9329565812817212,1
18.686400000000003,0.9078787430702656,0.906771692109818,0.906771692109818,1
18.7068,0.9036612481478884,0.8983825011760346,0.8983825011760346,1
18.7272,0.901024369349626,0.9080807014795136,0.9080807014795136,1
18.7476,0.9000113695688183,0.8969558810979101,0.8969558810979101,1
18.768,0.900638868947999,0.8746651345047373,,0
18.788400000000003,0.902896572194594,0.9284180791147176,0.9284180791147176,1
18.8088,0.9067474374943116,0.9332477185520478,0.9332477185520478,1
18.8292,0.9121282842508972,0.9162349355264564,0.9162349355264564,1
18.8496,0.9189508296811382,0.9198535099897784,0.9198535099897784,1
18.87,0.9271031372578592,0.9738956333782602,0.9738956333782602,1
18.8904,0.9364514532365208,0.930922796336204,,0
18.9108,0.946842401133777,0.9416508614970962,0.9416508614970962,1
18.9312,0.9581054981534958,0.965395123138306,0.965395123138306,1
18.951600000000003,0.9700559522736302,0.999482391396477,0.999482391396477,1
18.972,0.9824976941024725,1.014353109190822,1.014353109190822,1
18.9924,0.9952265937611504,0.990055141127615,0.990055141127615,1
19.0128,1.00803381001334,1.0142004349325269,1.0142004349325269,1
19.0332,1.0207092166935643,0.9931475473522828,0.9931475473522828,1
19.053600000000003,1.033044850217149,1.0268053280588247,1.0268053280588247,1
19.074,1.044838321609004,1.028032513699418,1.028032513699418,1
19.0944,1.055896137070602,1.0357595020246222,1.0357595020246222,1
19.1148,1.0660368726050609,1.0996684069304077,1.0996684069304077,1
19.1352,1.075094150614699,1.059248417378576,1.059248417378576,1
19.1556,1.082919369634509,1.0722872514742798,1.0722872514742798,1
19.176,1.0893841424151267,1.0967011181734638,1.0967011181734638,1
19.1964,1.0943824023540738,1.1203389076935455,1.1203389076935455,1
19.216800000000003,1.0978321437153409,1.1074544462431173,1.1074544462431173,1
19.2372,1.0996767670857637,1.1548638693661952,1.1548638693661952,1
19.2576,1.0998860079935069,1.0983926484284838,,0
19.278,1.0984564334529203,1.1036307622575152,1.1036307622575152,1
19.2984,1.095411498289047,1.1009235117687282,,0
19.318800000000003,1.0908011603176586,1.1195021480534415,1.1195021480534415,1
19.3392,1.084701060694525,1.0948458397167171,1.0948458397167171,1
19.3596,1.077211282881778,1.074886688874035,1.074886688874035,1
19.380000000000003,1.068454710592868,1.0495049386947306,1.0495049386947306,1
19.4004,1.0585750116570538,1.0634638807762864,1.0634638807762864,1
19.4208,1.0477342808818677,1.075761177507707,1.075761177507707,1
19.4412,1.0361103805867866,1.0279027447136293,1.0279027447136293,1
19.4616,1.0238940224416115,1.034472894809943,,0
19.482000000000003,1.011285638487346,1.016208594261043,1.016208594261043,1
19.5024,0.998492092676396,1.0157624858440224,1.0157624858440224,1
19.5228,0.9857232868852552,0.9696282120724978,0.9696282120724978,1
19.5432,0.9731887170844564,1.020121657694988,1.020121657694988,1
19.5636,0.9610940361681402,0.935510814027575,0.935510814027575,1
19.584000000000003,0.9496376798364226,0.9423266580367018,0.9423266580367018,1
19.6044,0.9390076108892532,0.957769461707366,0.957769461707366,1
19.6248,0.9293782353476286,0.9353128987975108,0.9353128987975108,1
19.645200000000003,0.920907540998948,0.93750726418057,0.93750726418057,1
19.6656,0.9137345053139913,0.90381245863434,0.90381245863434,1
19.686,0.9079768152634132,0.9064807156098064,0.9064807156098064,1
19.7064,0.9037289364444596,0.903973576117236,0.903973576117236,1
19.7268,0.9010605631974204,0.9324457554881384,0.9324457554881384,1
19.747200000000003,0.9000154751405511,0.913824055628212,0.913824055628212,1
19.7676,0.9006108188841421,0.9165442610514356,0.9165442610514356,1
19.788,0.9028368267085324,0.8896783048577965,0.8896783048577965,1
19.8084,0.906656976821693,0.926034629592954,0.926034629592954,1
19.8288,0.9120085925670388,0.916520225838415,,0
19.8492,0.9188038707503794,0.946586777063938,0.946586777063938,1
19.8696,0.9269313222143616,0.9672125253127308,0.9672125253127308,1
19.89,0.9362576010251312,0.9301222855045912,0.9301222855045912,1
19.910400000000003,0.9466296922600044,0.9385036296511032,0.9385036296511032,1
19.9308,0.9578774225014136,0.9405965226793662,0.9405965226793662,1
19.9512,0.9698162518478396,0.9669446616135132,0.9669446616135132,1
19.9716,0.9822503016335874,0.9746097926545796,0.9746097926545796,1
19.992,0.9949755681820228,1.002165656173443,1.002165656173443,1
20.012400000000003,1.0077832698647484,1.0048919335260738,1.0048919335260738,1
20.0328,1.0204632725518967,1.0132312869362643,1.0132312869362643,1
20.0532,1.0328075372527636,1.0540992399753206,1.0540992399753206,1
20.073600000000003,1.0446135333817717,1.0258559287587423,1.0258559287587423,1
20.094,1.0556875616488195,1.0643497207118464,1.0643497207118464,1
20.1144,1.0658479320558405,1.0577290975120706,1.0577290975120706,1
20.1348,1.074927944858617,1.0894153149560164,1.0894153149560164,1
20.1552,1.0827786255856326,1.1104838565200772,1.1104838565200772,1
20.175600000000003,1.0892711692409385,1.083209204172457,1.083209204172457,1
20.196,1.0942990535892867,1.1031197117347498,1.1031197117347498,1
20.2164,1.097779786851218,1.1013556441658816,1.1013556441658816,1
20.2368,1.0996562611338885,1.0836678131430264,1.0836678131430264,1
20.2572,1.0998976893920982,1.104713439586937,1.104713439586937,1
20.277600000000003,1.0985001105469423,1.1042825206525186,1.1042825206525186,1
20.298,1.0954864544746643,1.1037438708835878,1.1037438708835878,1
20.3184,1.0909061657994548,1.0869381878630535,,0
20.338800000000003,1.0848343926625743,1.0867182386687777,1.0867182386687777,1
20.3592,1.07737075377755,1.0544185348806874,1.0544185348806874,1
20.3796,1.0686377040001844,1.0614754224905874,1.0614754224905874,1
20.4,1.0587785252292463,1.0698977788234425,1.0698977788234425,1
20.4204,1.047954975600863,1.0658044533474935,1.0658044533474935,1
20.440800000000003,1.0363446355458958,1.0278983390633905,1.0278983390633905,1
20.4612,1.0241379942532178,1.0262322748418835,1.0262322748418835,1
20.4816,1.0115353243408314,1.0160963908433127,1.0160963908433127,1
20.502,0.9987433960116628,1.0027729949457516,1.0027729949457516,1
20.5224,0.9859720846044252,0.9967875563104333,0.9967875563104333,1
20.5428,0.9734309271989364,0.9370693745912648,0.9370693745912648,1
20.5632,0.9613256847712136,0.960339203368262,0.960339203368262,1
20.5836,0.949854966302591,0.9546356383275264,0.9546356383275264,1
20.604000000000003,0.9392069702305396,0.9192003632514654,0.9192003632514654,1
20.6244,0.92955639670383,0.9630361108440442,0.9630361108440442,1
20.6448,0.921061581302175,0.9242927666469384,,0
20.6652,0.913861897247014,0.9451299921475926,0.9451299921475926,1
20.6856,0.908075468725008,0.8922650082883464,0.8922650082883464,1
20.706000000000003,0.9037972328413912,0.8856512304108846,0.8856512304108846,1
20.7264,0.9010973820004704,0.905582426419784,0.905582426419784,1
20.7468,0.9000202122688837,0.8664464450123106,0.8664464450123106,1
20.767200000000003,0.9005833966163699,0.9048827084288916,0.9048827084288916,1
20.7876,0.9027776949578816,0.9047220795979398,0.9047220795979398,1
20.808,0.9065671057543384,0.9268804113851804,0.9268804113851804,1
20.8284,0.9118894566847332,0.9259102835080352,0.9259102835080352,1
20.8488,0.918657424698504,0.9103078777008032,0.9103078777008032,1
20.869200000000003,0.9267599687123452,0.9048100356169404,0.9048100356169404,1
20.8896,0.9360641514453768,0.9703102558722428,0.9703102558722428,1
20.91,0.9464173205021004,0.9305750200907976,0.9305750200907976,1
20.9304,0.9576496129184217,0.9367391217770324,0.9367391217770324,1
20.9508,0.9695767420790096,0.9478796208897808,0.9478796208897808,1
20.971200000000003,0.9820030212814428,1.004349127592176,1.004349127592176,1
20.9916,0.9947245743399388,0.9843465702514418,0.9843465702514418,1
21.012,1.0075326805527944,0.9924585912291825,0.9924585912291825,1
21.032400000000003,1.0202171991530782,1.022970995671145,1.022970995671145,1
21.0528,1.0325700170581436,1.0284311228469978,1.0284311228469978,1
21.0732,1.044388463351214,1.030826554135489,1.030826554135489,1
21.0936,1.0554786344741294,1.070558463813699,1.070558463813699,1
21.114,1.0656585755752952,1.0869648854172551,1.0869648854172551,1
21.134400000000003,1.074761265816912,1.0944676159957092,1.0944676159957092,1
21.1548,1.0826373586619684,1.0979757520551925,1.0979757520551925,1
21.1752,1.0891576321815275,1.097210142804128,1.097210142804128,1
21.1956,1.0942151091804262,1.0586973491811895,1.0586973491811895,1
21.216,1.0977268123568191,1.1311118284843589,,0
21.236400000000003,1.0996351256989054,1.1056749099060563,1.1056749099060563,1
21.2568,1.09990873978259,1.1120718683346027,1.1120718683346027,1
21.2772,1.0985431654607325,1.1208424119196805,1.1208424119196805,1
21.297600000000003,1.0955608075159389,1.1242278575735785,1.1242278575735785,1
21.318,1.0910105970684991,1.099378557294683,1.099378557294683,1
21.3384,1.0849671887704933,1.0936781119564063,1.0936781119564063,1
21.3588,1.0775297359575913,1.0655452504083969,1.0655452504083969,1
21.3792,1.0688202638544553,1.0694820588772305,1.0694820588772305,1
21.399600000000003,1.058981667524327,1.04189844230804,1.04189844230804,1
21.42,1.048175367410172,1.0337765567673345,1.0337765567673345,1
21.4404,1.0365786609325345,1.0187071728862505,1.0187071728862505,1
21.460800000000003,1.0243818135961325,1.0212613357761866,1.0212613357761866,1
21.4812,1.0117849373309344,1.0327668010893347,,0
21.5016,0.9989947072843262,1.0624142027501298,1.0624142027501298,1
21.522,0.9862209709315358,0.990010963682494,0.990010963682494,1
21.5424,0.973673305138116,0.9467050433829935,0.9467050433829935,1
21.562800000000003,0.9615575776622796,0.9868572442594048,0.9868572442594048,1
21.5832,0.9500725695120458,0.9440568919825252,0.9440568919825252,1
21.6036,0.9394067135736422,0.9261945416941024,0.9261945416941024,1
21.624,0.929735003020114,0.9339319925785752,0.9339319925785752,1
21.6444,0.9212161202233542,0.8964036282322296,0.8964036282322296,1
21.664800000000003,0.9139898332751109,0.918439096555283,0.918439096555283,1
21.6852,0.9081747028319036,0.9064071923679208,0.9064071923679208,1
21.7056,0.9038661369072856,0.9058336950435952,0.9058336950435952,1
21.726000000000003,0.9011348255262084,0.9087631506103916,0.9087631506103916,1
21.7464,0.9000255809238937,0.90137542606871,,0
21.7668,0.9005566023178968,0.9008833640001548,0.9008833640001548,1
21.7872,0.902719177316149,0.908405467696108,0.908405467696108,1
21.8076,0.9064778248599256,0.914785837383348,0.914785837383348,1
21.828000000000003,0.9117708773565047,0.8911412281501997,0.8911412281501997,1
21.8484,0.9185114924505414,0.8899116672768325,0.8899116672768325,1
21.8688,0.926589077834171,0.9253563167907268,0.9253563167907268,1
21.8892,0.935871105719192,0.9072163959205096,0.9072163959205096,1
21.9096,0.946205287201522,0.9479559166199556,0.9479559166199556,1
21.930000000000003,0.957422070843494,0.9761970083571404,0.9761970083571404,1
21.9504,0.9693374244800128,0.9814796579183336,0.9814796579183336,1
21.9708,0.9817558546079956,0.9607924464714864,0.9607924464714864,1
21.991200000000003,0.9944736138203076,0.9772683647811572,0.9772683647811572,1
22.0116,1.0072820436603345,1.0138480695603496,1.0138480695603496,1
22.032,1.0199709980514404,1.0119450419487703,1.0119450419487703,1
22.0524,1.0323322911335957,1.0259991852325536,1.0259991852325536,1
22.0728,1.0441631129389972,1.0561012425639562,1.0561012425639562,1
22.093200000000003,1.0552693568662344,1.0355236229970812,1.0355236229970812,1
22.1136,1.0654688043595029,1.0574441101612793,1.0574441101612793,1
22.134,1.0745941145424187,1.0585924650207268,1.0585924650207268,1
22.154400000000003,1.0824955697558325,1.0616329797951254,1.0616329797951254,1
22.1748,1.0890435319540543,1.071901968180631,1.071901968180631,1
22.1952,1.0941305696577306,1.1076798130446588,1.1076798130446588,1
22.2156,1.0976732205667603,1.098709628356409,1.098709628356409,1
22.236,1.099613360914317,1.0820301483376156,1.0820301483376156,1
22.256400000000003,1.0999191590951811,1.0952971269433214,1.0952971269433214,1
22.2768,1.0985855979223318,1.0658094517798882,1.0658094517798882,1
22.2972,1.095634556943217,1.0809683007915438,1.0809683007915438,1
22.3176,1.09111445346515,1.1341059441624957,1.1341059441624957,1
22.338,1.0850994481794694,1.0832945711861544,1.0832945711861544,1
22.358400000000003,1.0776882284176823,1.09232140695829,1.09232140695829,1
22.3788,1.0690023890025364,1.0676926214996467,,0
22.3992,1.059184437259144,1.0661478219639804,1.0661478219639804,1
22.419600000000003,1.048395454917675,1.0616606167112586,1.0616606167112586,1
22.44,1.0368124552684672,1.0147201233179377,1.0147201233179377,1
22.4604,1.0246254789302636,1.0240067537847843,1.0240067537847843,1
22.4808,1.0120344758809712,1.043611779769301,1.043611779769301,1
22.5012,0.9992460249069648,0.9833360139058988,0.9833360139058988,1
22.521600000000003,0.98646994429448,0.9751411472198356,0.9751411472198356,1
22.542,0.9739158493710086,0.9677620238236686,0.9677620238236686,1
22.5624,0.9617897133765836,0.9671701948401086,,0
22.5828,0.950290488090284,0.9607888453632016,0.9607888453632016,1
22.6032,0.939606839656872,0.964955072753245,0.964955072753245,1
22.623600000000003,0.9299140531683096,0.9399040178376828,0.9399040178376828,1
22.644,0.9213711567863382,0.9201300942703716,0.9201300942703716,1
22.6644,0.9141183125901664,0.9393016551823828,0.9393016551823828,1
22.684800000000003,0.9082745169572816,0.9223567374001131,0.9223567374001131,1
22.7052,0.9039356482069067,0.8740220578817665,0.8740220578817665,1
22.7256,0.9011728935381214,0.9517002583452412,0.9517002583452412,1
22.746,0.9000315810716699,0.9354300088356046,,0
22.7664,0.9005304361579705,0.897166151702629,0.897166151702629,1
22.786800000000003,0.9026612741529632,0.9102194761877328,0.9102194761877328,1
22.8072,0.9063891347023983,0.9328763097023152,0.9328763097023152,1
22.8276,0.9116528553313672,0.9082088394774296,0.9082088394774296,1
22.848000000000003,0.9183660749282828,0.9329731107358232,,0
22.8684,0.9264186506592812,0.9485102201307108,0.9485102201307108,1
22.888800000000003,0.9356784650659544,0.9153819469112656,0.9153819469112656,1
22.9092,0.9459935936975892,0.933946956625932,0.933946956625932,1
22.9296,0.9571947977139053,0.9756229656701167,0.9756229656701167,1
22.950000000000003,0.9690983005625052,0.9783145901054818,0.9783145901054818,1
22.9704,0.9815088031744864,0.9999847343807652,0.9999847343807652,1
22.9908,0.9942226882083351,0.9915713279152608,0.9915713279152608,1
23.0112,1.007031360770532,1.0012512565514475,,0
23.0316,1.0197246708021277,0.9797518812904602,0.9797518812904602,1
23.052000000000003,1.0320943609807218,1.009174352450573,1.009174352450573,1
23.0724,1.043937483568559,1.044878805461729,1.044878805461729,1
23.0928,1.0550597301470404,1.071550874538325,1.071550874538325,1
23.113200000000003,1.0652786196071582,1.0759021869378722,1.0759021869378722,1
23.1336,1.0744264920909568,1.0718616526104028,1.0718616526104028,1
23.154,1.0823532597628422,1.0769178284330283,1.0769178284330283,1
23.1744,1.0889288692792405,1.093272461932006,1.093272461932006,1
23.1948,1.0940454355551987,1.0956096591770417,1.0956096591770417,1
23.215200000000003,1.0976190118195557,1.1257099221183495,1.1257099221183495,1
23.2356,1.099590966917603,1.102519782327168,1.102519782327168,1
23.256,1.099928947264059,1.070304028020113,1.070304028020113,1
23.2764,1.0986274076637144,1.073176244963068,1.073176244963068,1
23.2968,1.0957077022906574,1.126082889029929,1.126082889029929,1
23.317200000000003,1.0912177343333918,1.06779452510439,1.06779452510439,1
23.3376,1.0852311700540784,1.100521119114749,1.100521119114749,1
23.358,1.0778462301567018,1.0724787754525142,1.0724787754525142,1
23.378400000000003,1.0691840782940285,1.0657889124159785,1.0657889124159785,1
23.3988,1.0593868331528844,1.056704177497516,1.056704177497516,1
23.4192,1.048615236733185,1.0730429359223683,1.0730429359223683,1
23.4396,1.037046017076928,1.033189180506049,1.033189180506049,1
23.46,1.0248689887164864,1.0242026030595832,1.0242026030595832,1
23.480400000000003,1.0122839384147146,0.9816678684667248,0.9816678684667248,1
23.5008,0.9994973472921168,1.0036311575262769,1.0036311575262769,1
23.5212,0.986719003120612,0.9973398532601732,0.9973398532601732,1
23.541600000000003,0.974158558365576,0.9789414699786516,0.9789414699786516,1
23.562,0.9620220904478196,0.9899800156695544,0.9899800156695544,1
23.582400000000003,0.9505087206608164,0.951612147756421,0.951612147756421,1
23.6028,0.9398073472161276,0.945786896338508,0.945786896338508,1
23.6232,0.9300935460174364,0.9630636262228002,0.9630636262228002,1
23.643600000000003,0.9215266900118284,0.8905264062246654,0.8905264062246654,1
23.664,0.914247334380634,0.9051308274246468,0.9051308274246468,1
23.6844,0.9083749104706637,0.9368980855110488,,0
23.7048,0.9040057663011848,0.9227283492674064,,0
23.7252,0.9012115857957498,0.9147791877725592,0.9147791877725592,1
23.745600000000003,0.9000382126743122,0.9166912274636018,0.9166912274636018,1
23.766,0.90050489830187,0.9070462224842905,0.9070462224842905,1
23.7864,0.9026039858340728,0.9352359343847184,0.9352359343847184,1
23.806800000000003,0.9063010358419742,0.9138562192365886,0.9138562192365886,1
23.8272,0.9115353913548124,0.916332733472718,0.916332733472718,1
23.847600000000003,0.9182211730502604,0.9214003465327733,0.9214003465327733,1
23.868,0.9262486882641828,0.9301059673751906,0.9301059673751906,1
23.8884,0.9354862307024896,0.9123458850861724,0.9123458850861724,1
23.908800000000003,0.9457822413274702,0.9611957024167372,0.9611957024167372,1
23.9292,0.9569677949652384,0.954359000289572,0.954359000289572,1
23.9496,0.968859371836926,1.0052976737941342,1.0052976737941342,1
23.97,0.9812618685414288,0.9797488591296604,0.9797488591296604,1
23.9904,0.9939717990890066,1.0023901647725195,1.0023901647725195,1
24.010800000000003,1.0067806334668306,1.0117126771920573,1.0117126771920573,1
24.0312,1.0194782189610712,1.006967078258886,1.006967078258886,1
24.0516,1.031856228102421,1.0516989646727912,1.0516989646727912,1
24.072000000000003,1.0437115766650953,1.0818128494762955,1.0818128494762955,1
24.0924,1.0548497556406662,1.0545542112474693,1.0545542112474693,1
24.1128,1.0650880225195738,1.0590784468078651,1.0590784468078651,1
24.1332,1.0742583995213224,1.067157824900215,1.067157824900215,1
24.1536,1.0822104295819066,1.0443631917155598,1.0443631917155598,1
24.174000000000003,1.0888136448813546,1.0852573820072944,1.0852573820072944,1
24.1944,1.093959707410582,1.0989796697307486,1.0989796697307486,1
24.2148,1.0975641864576164,1.118659344961222,1.118659344961222,1
24.235200000000003,1.0995679438502146,1.1187688986732132,1.1187688986732132,1
24.2556,1.099938104227395,1.0916081225786611,1.0916081225786611,1
24.276000000000003,1.0986685944207866,1.0931321345253089,1.0931321345253089,1
24.2964,1.095780243096233,1.1182583492085214,1.1182583492085214,1
24.3168,1.0913204390208484,1.0878511610793908,1.0878511610793908,1
24.337200000000003,1.0853623535622965,1.075161762767184,1.075161762767184,1
24.3576,1.0780037401766225,1.105854109165308,1.105854109165308,1
24.378,1.069365330581281,1.0901170439222936,,0
24.3984,1.0595888539271103,1.0599646897625954,1.0599646897625954,1
24.4188,1.048834711468437,1.0369591625128638,1.0369591625128638,1
24.439200000000003,1.037279344882608,0.997041738497714,0.997041738497714,1
24.4596,1.0251123414166572,1.0369064135281516,1.0369064135281516,1
24.48,1.01253332335643,0.9946059289053863,0.9946059289053863,1
24.500400000000003,0.9997486728522996,0.9604940326694844,0.9604940326694844,1
24.5208,0.9869681458367388,1.018664556383719,1.018664556383719,1
24.541200000000003,0.9744014305887304,0.9873607864089284,0.9873607864089284,1
24.5616,0.9622547074081732,0.939474543545834,0.939474543545834,1
24.582,0.950727265845172,0.9264392381859868,0.9264392381859868,1
24.602400000000003,0.9400082349848904,0.9574274706283228,0.9574274706283228,1
24.6228,0.9302734804337184,0.9127140681030008,0.9127140681030008,1
24.6432,0.9216827189173956,0.9476057162679534,0.9476057162679534,1
24.6636,0.9143768978315452,0.9267060840840684,0.9267060840840684,1
24.684,0.9084758827379084,0.9192078131492448,0.9192078131492448,1
24.704400000000003,0.904076490747214,0.9121703998595,0.9121703998595,1
24.7248,0.9012509020546928,0.9050799194951712,0.9050799194951712,1
24.7452,0.9000454756899317,0.9176556996734738,0.9176556996734738,1
24.765600000000003,0.9004799889109067,0.8913983816605946,0.8913983816605946,1
24.786,0.9025473127213424,0.90426635219003,0.90426635219003,1
24.806400000000004,0.9062135288351312,0.921252460588675,0.921252460588675,1
24.8268,0.9114184861688042,0.9226782805405268,0.9226782805405268,1
24.8472,0.9180767877317552,0.894177051626382,0.894177051626382,1
24.867600000000003,0.9260791917224545,0.9160709983763692,0.9160709983763692,1
24.888,0.9352944038430568,0.94035047395144,0.94035047395144,1
24.9084,0.9455712314261774,0.9374109372453796,0.9374109372453796,1
24.928800000000003,0.9567410640313688,0.9922342352508354,0.9922342352508354,1
24.9492,0.9686206398124816,0.9607575759173994,0.9607575759173994,1
24.969600000000003,0.9810150522685908,0.977770683317057,0.977770683317057,1
24.99,0.9937209480470685,1.0091095516106146,1.0091095516106146,1
25.0104,1.006529863332963,1.0131405181976612,1.0131405181976612,1
25.030800000000003,1.0192316440850002,1.0163261549409048,1.0163261549409048,1
25.0512,1.0316178940028728,1.0164880234252578,1.0164880234252578,1
25.0716,1.0434853936555513,1.0495156748034866,1.0495156748034866,1
25.092,1.0546394346734276,1.0754213634809957,1.0754213634809957,1
25.1124,1.0648970143006666,1.0744789187826311,1.0744789187826311,1
25.132800000000003,1.074089837895276,1.0585261674661537,1.0585261674661537,1
25.1532,1.0820670801152157,1.1168025792547498,,0
25.1736,1.0886978594882184,1.0597663016875003,1.0597663016875003,1
25.194000000000003,1.093873385765388,1.062219672929332,1.062219672929332,1
25.2144,1.0975087448272511,1.1167198893163957,1.1167198893163957,1
25.234800000000003,1.0995442918575784,1.1040611014296322,1.1040611014296322,1
25.2552,1.099946629927349,1.0889566590012685,1.0889566590012685,1
25.2756,1.0987091579333912,1.076737743382285,1.076737743382285,1
25.296000000000003,1.0958521789017377,1.1422681756873436,1.1422681756873436,1
25.3164,1.0914225668787805,1.0937643843218892,1.0937643843218892,1
25.3368,1.0854929978754957,1.0961770212924111,1.0961770212924111,1
25.3572,1.0781607574825245,1.084518459427288,1.084518459427288,1
25.3776,1.069546144719404,1.078242303874027,1.078242303874027,1
25.398000000000003,1.0597904983057511,1.0705923875162473,1.0705923875162473,1
25.4184,1.0490538777371083,1.0637023579322058,1.0637023579322058,1
25.4388,1.0375124372116875,1.0300079891964742,1.0300079891964742,1
25.459200000000003,1.0253555354936343,1.0195226957665977,1.0195226957665977,1
25.4796,1.012782629130863,0.977962172963685,0.977962172963685,1
25.500000000000004,0.999999999999998,0.9843939118699672,,0
25.5204,0.9872173708691362,0.9926396267980704,0.9926396267980704,1
25.5408,0.9746444645063648,0.9955449320164188,0.9955449320164188,1
25.561200000000003,0.9624875627883116,0.9744683533158351,0.9744683533158351,1
25.5816,0.9509461222628908,0.9441322753853324,0.9441322753853324,1
25.602,0.940209501694248,0.914946043452545,0.914946043452545,1
25.622400000000003,0.9304538552805957,0.8749066723720469,0.8749066723720469,1
25.6428,0.9218392425174752,0.9448739220130912,0.9448739220130912,1
25.663200000000003,0.9145070021245038,0.9027224223943008,0.9027224223943008,1
25.6836,0.9085774331212192,0.8996081329971382,0.8996081329971382,1
25.704,0.904147821098262,0.9067793004564234,0.9067793004564234,1
25.724400000000003,0.9012908420666086,0.8731796411187708,0.8731796411187708,1
25.7448,0.900053370072651,0.8930577264704203,0.8930577264704203,1
25.7652,0.9004557081424217,0.9409251471378212,0.9409251471378212,1
25.7856,0.902491255172749,0.9125989939442958,0.9125989939442958,1
25.806,0.9061266142346124,0.9133115973648814,0.9133115973648814,1
25.826400000000003,0.911302140511782,0.8796522509521468,0.8796522509521468,1
25.8468,0.9179329198847848,0.9628049577764376,0.9628049577764376,1
25.8672,0.9259101621047248,0.8974542639321978,0.8974542639321978,1
25.887600000000003,0.935102985699334,0.973549480808222,0.973549480808222,1
25.908,0.9453605653265732,0.9030594450228172,0.9030594450228172,1
25.928400000000003,0.9565146063444496,0.984621915118938,0.984621915118938,1
25.9488,0.9683821059971282,1.0007431913771327,1.0007431913771327,1
25.9692,0.9807683559150008,0.964280173488444,0.964280173488444,1
25.989600000000003,0.993470136667038,1.0019217441124957,1.0019217441124957,1
26.01,1.0062790519529323,1.0172286633950258,1.0172286633950258,1
26.0304,1.01898494773141,1.002709058066784,1.002709058066784,1
26.0508,1.0313793601875192,1.0023970079727806,1.0023970079727806,1
26.0712,1.0432589359686322,1.0169045891058168,1.0169045891058168,1
26.091600000000003,1.0544287685738234,1.0652489329730197,1.0652489329730197,1
26.112,1.0647055961569438,1.0630032841065558,1.0630032841065558,1
26.1324,1.073920808277546,1.0626347876115028,1.0626347876115028,1
26.152800000000003,1.0819232122682454,1.1012585724915749,1.1012585724915749,1
26.1732,1.0885815138311965,1.0987428720190258,1.0987428720190258,1
26.193600000000004,1.093786471164869,1.0786772166375564,1.0786772166375564,1
26.214,1.097452687278658,1.07342865689831,1.07342865689831,1
26.2344,1.0995200110890933,1.1099852458628547,,0
26.254800000000003,1.0999545243100683,1.0892028569389072,1.0892028569389072,1
26.2752,1.098749097945307,1.100733195195937,1.100733195195937,1
26.2956,1.0959235092527857,1.12744948870534,1.12744948870534,1
26.316000000000003,1.0915241172620913,1.1015706820635869,1.1015706820635869,1
26.3364,1.085623102168454,1.0683777621733894,,0
26.356800000000003,1.0783172810826038,1.0815305048789994,1.0815305048789994,1
26.3772,1.069726519566281,1.0506736205099734,1.0506736205099734,1
26.3976,1.059991765015109,1.0921622081340834,1.0921622081340834,1
26.418000000000003,1.0492727341548274,1.038041159162763,1.038041159162763,1
26.4384,1.037745292591826,1.0418907075312984,1.0418907075312984,1
26.458800000000004,1.025598569411266,1.0317532209048546,1.0317532209048546,1
26.4792,1.0130318541632604,1.0162168635307345,1.0162168635307345,1
26.4996,1.0002513271476996,0.9610803480449688,0.9610803480449688,1
26.520000000000003,0.9874666766435692,0.9585382553639028,0.9585382553639028,1
26.5404,0.974887658583342,0.96584065307196,0.96584065307196,1
26.5608,0.962720655117391,0.9691092917840216,0.9691092917840216,1
26.581200000000003,0.951165288531562,0.9484097042458466,,0
26.6016,0.9404111460728888,0.9212681966098686,,0
26.622000000000003,0.9306346694187184,0.9036661830362844,0.9036661830362844,1
26.6424,0.921996259823377,0.91396510893339,0.91396510893339,1
26.6628,0.9146376464377032,0.9052681255441086,0.9052681255441086,1
26.683200000000003,0.9086795609791511,0.9189362901310064,0.9189362901310064,1
26.7036,0.9042197569037672,0.8976933876606007,0.8976933876606007,1
26.724,0.9013314055792132,0.9133855587077998,0.9133855587077998,1
26.7444,0.900061895772605,0.8881689003781968,0.8881689003781968,1
26.7648,0.9004320561497855,0.8953129027655001,0.8953129027655001,1
26.785200000000003,0.9024358135423836,0.8954748859495313,0.8954748859495313,1
26.8056,0.9060402925894182,0.8903929532513765,0.8903929532513765,1
26.826,0.9111863551186458,0.9236887282473204,0.9236887282473204,1
26.846400000000003,0.9177895704180938,0.9015176504762036,0.9015176504762036,1
26.8668,0.9257416004786784,0.915308770279266,0.915308770279266,1
26.887200000000004,0.9349119774804268,0.9334495845614628,0.9334495845614628,1
26.9076,0.9451502443593344,0.9192026512401996,0.9192026512401996,1
26.928,0.9562884233349056,0.9497897241684956,0.9497897241684956,1
26.948400000000003,0.9681437718975796,0.953917644702724,0.953917644702724,1
26.9688,0.9805217810389298,0.9727586971892848,0.9727586971892848,1
26.9892,0.9932193665331702,0.9920208064797484,0.9920208064797484,1
