time,ideal_flux,noise,observed_flux
0.0,1.0,0.035281046919353284,1.0352810469193532
0.0204,1.0127826291308624,0.008003144167344467,1.0207857732982069
0.0408,1.0253555354936341,0.019574759682114785,1.0449302951757489
0.061200000000000004,1.0375124372116877,0.044817863984029156,1.0823303011957168
0.0816,1.0490538777371088,0.03735115980299935,1.0864050375401082
0.10200000000000001,1.0597904983057518,-0.01954555759752822,1.0402449407082235
0.12240000000000001,1.0695461447194048,0.01900176835051179,1.0885479130699165
0.1428,1.0781607574825252,-0.003027144165953958,1.0751336133165712
0.1632,1.0854929978754952,-0.002064377035871157,1.083428620839624
0.1836,1.09142256687878,0.008211970038767447,1.0996345369175475
0.20400000000000001,1.0958521789017377,0.0028808714232175596,1.0987330503249553
0.22440000000000002,1.0987091579333914,0.029085470139259502,1.127794628072651
0.24480000000000002,1.099946629927349,0.015220754502939868,1.115167384430289
0.2652,1.0995442918575784,0.002433500329856568,1.101977792187435
0.2856,1.097508744827251,0.008877264654908514,1.1063860094821594
0.30600000000000005,1.0938733857653875,0.006673486547485337,1.1005468723128728
0.3264,1.0886978594882186,0.02988158146315212,1.1185794409513707
0.3468,1.0820670801152157,-0.004103165275316017,1.0779639148398996
0.3672,1.074089837895276,0.006261354033018028,1.080351191928294
0.38760000000000006,1.0648970143006662,-0.017081914786034495,1.0478150995146316
0.40800000000000003,1.054639434673427,-0.051059796316681574,1.0035796383567452
0.4284,1.0434853936555528,0.013072371908807213,1.05655776556436
0.44880000000000003,1.0316178940028713,0.017288723977190116,1.0489066179800615
0.46920000000000006,1.0192316440849982,-0.01484330040812884,1.0043883436768695
0.48960000000000004,1.0065298633329636,0.04539509247975215,1.0519249558127157
0.51,0.9937209480470687,-0.029087313491975297,0.9646336345550934
0.5304,0.9810150522685906,0.0009151703460289214,0.9819302226146196
0.5508000000000001,0.9686206398124813,-0.003743677000516672,0.9648769628119646
0.5712,0.9567410640313679,0.030655584287169153,0.9873966483185371
0.5916,0.9455712314261787,0.0293871753980057,0.9749584068241844
0.6120000000000001,0.9352944038430555,0.003098948513938326,0.9383933523569938
0.6324000000000001,0.9260791917224531,0.007563250392043471,0.9336424421144965
0.6528,0.9180767877317554,-0.017755714952602256,0.9003210727791531
0.6732,0.9114184861688043,-0.03961592936447854,0.8718025568043257
0.6936,0.9062135288351312,-0.006958242986523052,0.8992552858486081
0.7140000000000001,0.9025473127213423,0.0031269793820796012,0.9056742921034219
0.7344,0.9004799889109066,0.024605813614554415,0.925085802525461
0.7548,0.9000454756899315,0.024047596975688226,0.9240930726656198
0.7752000000000001,0.9012509020546933,-0.007746536348159046,0.8935043657065342
0.7956000000000001,0.9040764907472145,-0.006046055011506711,0.8980304357357078
0.8160000000000001,0.9084758827379082,-0.02097105930134185,0.8875048234365664
0.8364,0.9143768978315453,-0.028400358743579504,0.8859765390879658
0.8568,0.921682718917396,-0.03412540381250025,0.8875573151048957
0.8772000000000001,0.9302734804337189,0.039015507904635795,0.9692889883383548
0.8976000000000001,0.9400082349848912,-0.01019304363503307,0.9298151913498581
0.918,0.9507272658451709,-0.008761486032223728,0.9419657798129472
0.9384000000000001,0.962254707408175,-0.025055907200998526,0.9371988002071765
0.9588000000000001,0.9744014305887327,0.015549807116638201,0.989951237705371
0.9792000000000001,0.9869681458367385,-0.03227795695115903,0.9546901888855795
0.9996,0.9997486728522996,-0.004254805604279374,0.9954938672480202
1.02,1.0125333233564304,-0.017909331223873514,0.9946239921325569
1.0404,1.025112341416658,0.00773804995718524,1.0328503913738434
1.0608,1.0372793448826092,-0.010216102751377461,1.0270632421312318
1.0812000000000002,1.0488347114684362,-0.023612643682448243,1.025222067785988
1.1016000000000001,1.059588853927112,-0.0005636445667730974,1.059025209360339
1.122,1.0693653305812805,0.008566637410608353,1.0779319679918888
1.1424,1.0780037401766225,0.0013303444476633578,1.0793340846242858
1.1628,1.0853623535622967,0.006049437954795628,1.0914117915170924
1.1832,1.0913204390208486,-0.012686441873619272,1.0786339971472294
1.2036,1.095780243096233,-0.007254823319742762,1.0885254197764902
1.2240000000000002,1.0986685944207868,-0.01344920895551902,1.0852193854652679
1.2444000000000002,1.099938104227395,-0.007191063230810826,1.0927470409965843
1.2648000000000001,1.0995679438502144,-0.016262925640889082,1.0833050182093253
1.2852000000000001,1.0975641864576167,-0.03452565204663354,1.0630385344109832
1.3056,1.093959707410582,0.003548522845075057,1.0975082302556571
1.326,1.0888136448813546,-0.008035618724165238,1.0807780261571893
1.3464,1.0822104295819062,-0.03260396693932089,1.0496064626425852
1.3668,1.0742583995213215,0.009255645110515484,1.083514044631837
1.3872,1.065088022519575,-0.018145967287664846,1.04694205523191
1.4076000000000002,1.0548497556406669,0.001038907915922779,1.0558886635565896
1.4280000000000002,1.0437115766650933,0.014581811243550737,1.058293387908644
1.4484000000000001,1.0318562281024213,0.0025796582151482133,1.0344358863175696
1.4688,1.0194782189610707,0.022788013690866013,1.0422662326519367
1.4892,1.00678063346683,-0.024696516407073054,0.9820841170597571
1.5096,0.9939717990890056,0.00804683282355098,1.0020186319125566
1.53,0.9812618685414275,-0.013696201818806264,0.9675656667226212
1.5504000000000002,0.9688593718369272,-0.017415942983637637,0.9514434288532895
1.5708000000000002,0.9569677949652391,-0.01157699329528831,0.9453908016699508
1.5912000000000002,0.9457822413274682,-0.006231050642547454,0.9395511906849208
1.6116000000000001,0.9354862307024897,0.0011233068445949087,0.9366095375470846
1.6320000000000001,0.9262486882641826,-0.02330299681566713,0.9029456914485154
1.6524,0.91822117305026,0.018016529739083742,0.9362377027893437
1.6728,0.9115353913548119,0.009313248794609198,0.920848640149421
1.6932,0.9063010358419737,-0.030724873725544475,0.8755761621164293
1.7136,0.9026039858340731,0.029765043875911994,0.932369029709985
1.7340000000000002,0.90050489830187,0.03791778352061166,0.9384226818224817
1.7544000000000002,0.9000382126743122,0.023575591423193015,0.9236138040975052
1.7748000000000002,0.9012115857957498,-0.0035984967162470184,0.8976130890795028
1.7952000000000001,0.9040057663011848,-0.02141505243021085,0.882590713870974
1.8156,0.9083749104706638,0.021089034538622733,0.9294639450092865
1.836,0.9142473343806348,-0.008063538939463592,0.9061837954411712
1.8564,0.9215266900118293,0.02444890140764855,0.9459755914194778
1.8768000000000002,0.930093546017436,0.004165499561537206,0.9342590455789732
1.8972000000000002,0.9398073472161272,0.019532780729674255,0.9593401279458015
1.9176000000000002,0.9505087206608187,0.007127327943488038,0.9576360486043067
1.9380000000000002,0.9620220904478199,0.014131463363838963,0.9761535538116589
1.9584000000000001,0.9741585583655766,0.00021000041441640956,0.9743685587799931
1.9788000000000001,0.9867190031206131,0.0357174098781167,1.0224364129987298
1.9992,0.9994973472921181,0.0025382418540723984,1.0020355891461905
2.0196,1.0122839384147164,0.008039787268894033,1.0203237256836104
2.04,1.0248689887164855,0.03766301394112509,1.0625320026576106
2.0604,1.0370460170769276,-0.02695518122284893,1.0100908358540786
2.0808,1.0486152367331847,-0.025409699969714674,1.02320553676347
2.1012,1.0593868331528846,0.019387934163160224,1.0787747673160448
2.1216,1.0691840782940287,-0.0234624681022832,1.0457216101917455
2.1420000000000003,1.0778462301567024,0.038872423712985854,1.1167186538696883
2.1624000000000003,1.0852311700540793,-0.008272379615194947,1.0769587904388844
2.1828000000000003,1.0912177343333924,-0.014949096228815156,1.0762686381045772
2.2032000000000003,1.0957077022906572,0.03845884052960769,1.134166542820265
2.2236000000000002,1.0986274076637144,0.029610295828688488,1.128237703492403
2.244,1.099928947264059,0.0373511792085314,1.1372801264725905
2.2644,1.0995909669176027,0.018120893165507707,1.1177118600831104
2.2848,1.0976190118195552,-0.01722451370109405,1.0803944981184612
2.3052,1.0940454355551983,0.03820129906198067,1.132246734617179
2.3256,1.0889288692792398,-0.005360067419027607,1.0835688018602123
2.346,1.0823532597628427,0.016049127915927903,1.0984023876787705
2.3664,1.074426492090957,0.01894503935547496,1.0933715314464318
2.3868,1.0652786196071584,-0.003100201861816684,1.0621784177453417
2.4072,1.0550597301470404,0.012281587406921606,1.0673413175539619
2.4276,1.0439374835685589,0.018444133431330535,1.0623816169998894
2.4480000000000004,1.0320943609807207,0.007528510623112589,1.0396228716038334
2.4684000000000004,1.0197246708021261,-0.02198801581168389,0.9977366549904423
2.4888000000000003,1.0070313607705301,0.00596476348412112,1.0129961242546512
2.5092000000000003,0.9942226882083357,0.02652771793374061,1.0207504061420762
2.5296000000000003,0.9815088031744866,-0.013891357194627309,0.9676174459798593
2.5500000000000003,0.9690983005625051,-0.0029926908065534153,0.9661056097559517
2.5704000000000002,0.9571947977139049,-0.00870307103443275,0.9484917266794721
2.5908,0.9459935936975884,0.036985274569586835,0.9829788682671752
2.6112,0.9356784650659534,0.01344589514024871,0.9491243602062022
2.6316,0.9264186506592802,0.008149236724822208,0.9345678873841025
2.652,0.9183660749282816,-0.015398321488906328,0.9029677534393753
2.6724,0.9116528553313674,0.010784983825836345,0.9224378391572038
2.6928,0.9063891347023985,-0.013486653213147522,0.8929024814892509
2.7132,0.9026612741529633,0.0006366111654870236,0.9032978853184503
2.7336,0.9005304361579705,-0.01271692156757762,0.8878135145903928
2.754,0.90003158107167,0.013528665898929995,0.9135602469706
2.7744,0.9011728935381211,0.011531816332298819,0.91270470987042
2.7948000000000004,0.9039356482069073,-0.004165975111559897,0.8997696730953474
2.8152000000000004,0.9082745169572825,0.007920134253232906,0.9161946512105154
2.8356000000000003,0.9141183125901662,-0.021861230174610117,0.892257082415556
2.8560000000000003,0.9213711567863383,-0.029825151854112112,0.8915460049322261
2.8764000000000003,0.92991405316831,0.008787834025290738,0.9387018871936007
2.8968000000000003,0.9396068396568724,0.0033334699074505808,0.942940309564323
2.9172000000000002,0.950290488090285,0.012700628737842128,0.9629911168281272
2.9376,0.9617897133765824,0.04766289549727884,1.0094526088738611
2.958,0.9739158493710105,0.01888958973980828,0.9928054391108188
2.9784,0.9864699442944821,-0.018256444508883172,0.9682134997855989
2.9988,0.9992460249069645,0.02234032576191706,1.0215863506688816
3.0192,1.0120344758809712,-0.026318148210230423,0.9857163276707408
3.0396,1.024625478930264,-0.009231692096294179,1.0153937868339697
3.06,1.0368124552684679,-0.0013648321064926247,1.0354476231619754
3.0804,1.048395454917676,0.03426685443298733,1.0826623093506633
3.1008000000000004,1.059184437259143,-0.014895096440968798,1.0442893408181741
3.1212000000000004,1.0690023890025377,-0.01652877077318029,1.0524736182293575
3.1416000000000004,1.0776882284176839,-0.001969050488508646,1.0757191779291753
3.1620000000000004,1.0850994481794691,-0.013269565727242147,1.071829882452227
3.1824000000000003,1.09111445346515,0.02253271844213014,1.1136471719072802
3.2028000000000003,1.0956345569432173,-0.021598630167268467,1.074035926775949
3.2232000000000003,1.0985855979223318,-0.02294937304822205,1.0756362248741098
3.2436000000000003,1.0999191590951813,-0.008756400894888682,1.0911627582002927
3.2640000000000002,1.0996133609143173,-0.009960649013846098,1.089652711900471
3.2844,1.09767322056676,0.038590641076339714,1.1362638616430998
3.3048,1.0941305696577308,0.018988416138515218,1.113118985796246
3.3252,1.0890435319540546,0.001751024827703818,1.0907945567817583
3.3456,1.0824955697558323,-0.02450871037660336,1.057986859379229
3.366,1.0745941145424183,0.016887259528030944,1.0914813740704492
3.3864,1.0654688043595022,-0.020004306947791296,1.0454644974117109
3.4068,1.0552693568662332,-0.030895421935552232,1.024373934930681
3.4272,1.0441631129389983,0.023760595847046036,1.0679237087860443
3.4476000000000004,1.0323322911335935,0.006338852238496993,1.0386711433720905
3.4680000000000004,1.0199709980514406,0.01841717647561638,1.0383881745270571
3.4884000000000004,1.0072820436603345,0.006374553058860424,1.0136565967191948
3.5088000000000004,0.9944736138203072,0.017136612238053822,1.011610226058361
3.5292000000000003,0.981755854607995,-0.013020511866002938,0.968735342741992
3.5496000000000003,0.9693374244800118,-0.020684856835689294,0.9486525676443225
3.5700000000000003,0.9574220708434927,0.01363189036563254,0.9710539612091252
3.5904000000000003,0.9462052872015229,-0.016068193283476823,0.930137093918046
3.6108000000000002,0.9358711057191901,-0.013790995555004012,0.9220801101641861
3.6312,0.9265890778341712,-0.009110650070346863,0.9174784277638244
3.6516,0.9185114924505414,0.0003495831805011346,0.9188610756310426
3.672,0.9117708773565047,-0.007079878225069679,0.904690999131435
3.6924,0.9064778248599253,-0.027499025868360377,0.878978798991565
3.7128,0.9027191773161487,-0.01287236805665781,0.8898468092594909
3.7332,0.9005566023178969,-0.04446806304448853,0.8560885392734083
3.7536000000000005,0.9000255809238937,0.01250462902054375,0.9125302099444375
3.7740000000000005,0.9011348255262086,-0.03204115311213495,0.8690936724140736
3.7944000000000004,0.9038661369072857,-0.02208766678856901,0.8817784701187167
3.8148000000000004,0.9081747028319039,0.001043301585219488,0.9092180044171234
3.8352000000000004,0.9139898332751112,-0.014791259927826267,0.8991985733472849
3.8556000000000004,0.9212161202233549,0.030860291908134718,0.9520764121314895
3.8760000000000003,0.9297350030201151,-0.02585713819446897,0.9038778648256461
3.8964000000000003,0.9394067135736415,0.005341017386983659,0.9447477309606251
3.9168000000000003,0.9500725695120452,-0.0007856563645499121,0.9492869131474954
3.9372000000000003,0.961557577662282,-0.02336186995482395,0.9381957077074581
3.9576000000000002,0.973673305138116,0.010465533210635074,0.984138838348751
3.978,0.9862209709315363,-0.0034309266244449623,0.9827900443070913
3.9984,0.9989947072843269,0.015435811024273348,1.0144305183086002
4.018800000000001,1.011784937330936,0.01647008307927463,1.0282550204102106
4.0392,1.0243818135961338,0.0432647189856138,1.0676465325817477
4.0596000000000005,1.0365786609325336,0.02673055898872784,1.0633092199212615
4.08,1.0481753674101715,-0.007383636758848872,1.0407917306513226
4.1004000000000005,1.0589816675243295,-0.004787583551518528,1.054194083972811
4.1208,1.0688202638544555,0.021993191917742263,1.0908134557721978
4.1412,1.0775297359575917,0.013105274614451956,1.0906350105720437
4.1616,1.0849671887704937,0.012802630521951842,1.0977698192924454
4.182,1.0910105970684998,-0.03233912088621669,1.058671476182283
4.2024,1.095560807515939,-0.0004865224879787127,1.0950742850279604
4.2228,1.0985431654607325,-0.014760618184113774,1.0837825472766187
4.2432,1.09990873978259,0.005598491980864765,1.1055072317634547
4.2636,1.0996351256989052,-0.0019630077928591587,1.097672117906046
4.284000000000001,1.0977268123568193,0.01820357816185184,1.1159303905186713
4.3044,1.094215109180426,0.0063443643038260415,1.100559473484252
4.324800000000001,1.0891576321815268,0.015726559242179524,1.1048841914237064
4.3452,1.0826373586619675,-0.009328381934718862,1.0733089767272486
4.365600000000001,1.0747612658169106,-0.01888892511836501,1.0558723406985455
4.386,1.0656585755752956,-0.00820099386405097,1.0574575817112446
4.4064000000000005,1.0554786344741296,-0.0003404082772288119,1.0551382261969007
4.4268,1.044388463351214,0.0075830347111016366,1.0519714980623156
4.4472000000000005,1.032570017058143,0.045186179013817045,1.0777561960719602
4.4676,1.0202171991530773,-0.0008451430332128539,1.0193720561198645
4.488,1.0075326805527933,-0.01911890000985554,0.9884137805429378
4.5084,0.9947245743399373,-0.006919635513987729,0.9878049388259496
4.5288,0.982003021281441,-0.009271919492921884,0.9727311017885192
4.5492,0.9695767420790102,0.009629629475469244,0.9792063715544794
4.5696,0.9576496129184219,-0.030815940288892497,0.9268336726295294
4.590000000000001,0.9464173205021001,0.0012652398840066342,0.9476825603861068
4.6104,0.9360641514453766,0.003130130759307512,0.939194282204684
4.630800000000001,0.9267599687123446,0.0046436207240055155,0.93140358943635
4.6512,0.9186574246985032,-0.011946321379307255,0.9067111033191959
4.671600000000001,0.9118894566847322,-0.00475843459472014,0.9071310220900121
4.692,0.9065671057543389,-0.02848121817965063,0.8780858875746882
4.712400000000001,0.9027776949578815,-0.009866397667243882,0.8929112972906377
4.7328,0.9005833966163699,-0.010857229520334355,0.8897261670960355
4.7532000000000005,0.9000202122688837,0.00832100092522851,0.9083412131941122
4.7736,0.9010973820004704,-0.023123648636438256,0.8779737333640322
4.7940000000000005,0.9037972328413915,0.015623962034199869,0.9194211948755914
4.8144,0.9080754687250084,0.029889690889827375,0.9379651596148358
4.8348,0.913861897247015,-0.04139970050027065,0.8724621967467444
4.8552,0.9210615813021743,0.00852517461556202,0.9295867559177363
4.8756,0.9295563967038297,0.013538160700604911,0.9430945574044346
4.896000000000001,0.9392069702305398,-0.012748740511044581,0.9264582297194952
4.9164,0.9498549663025914,-0.007945436286575954,0.9419095300160154
4.936800000000001,0.9613256847712146,-0.0026576115517391126,0.9586680732194754
4.9572,0.9734309271989348,-0.005955817588034567,0.9674751096109002
4.977600000000001,0.9859720846044271,-0.006180259380942445,0.9797918252234846
4.998,0.9987433960116647,-0.03352007612659953,0.9652233198850652
5.018400000000001,1.0115353243408312,0.023046631295662402,1.0345819556364935
5.0388,1.0241379942532176,0.02159237184073642,1.045730366093954
5.059200000000001,1.0363446355458963,-0.016267285184084056,1.0200773503618121
5.0796,1.0479549756008635,-0.02932848655605028,1.0186264890448131
5.1000000000000005,1.0587785252292474,0.01042129752905517,1.0691998227583026
5.1204,1.0686377040001833,-0.011515759396261323,1.057121944603922
5.1408000000000005,1.0773707537775503,0.0028390632664155933,1.080209817043966
5.1612,1.0848343926625748,-0.0063865683429019035,1.078447824319673
5.1816,1.0909061657994545,0.013830775021403731,1.1047369408208583
5.202,1.0954864544746643,0.013894982873120118,1.1093814373477844
5.2224,1.0985001105469427,-0.014511947569271686,1.083988162977671
5.242800000000001,1.0998976893920982,-0.027667279107901108,1.072230410284197
5.2632,1.0996562611338883,-0.03165876794670164,1.0679974931871867
5.283600000000001,1.0977797868512178,0.012207587582144104,1.109987374433362
5.304,1.0942990535892865,-0.02377718515568058,1.070521868433606
5.324400000000001,1.089271169240938,-0.010136327085973751,1.0791348421549642
5.3448,1.0827786255856329,-0.011926280769010162,1.0708523448166227
5.365200000000001,1.074927944858616,-0.0010513459253909258,1.073876598933225
5.3856,1.065847932055841,-0.03872559611693014,1.0271223359389108
5.406000000000001,1.0556875616488186,0.0037755719358765713,1.0594631335846951
5.4264,1.0446135333817705,0.010477820476684113,1.0550913538584548
5.4468000000000005,1.0328075372527632,0.0017684417408932282,1.0345759789936564
5.4672,1.0204632725518963,-0.006217723433969435,1.0142455491179267
5.4876000000000005,1.0077832698647473,0.0019480033253756683,1.009731273190123
5.508,0.9949755681820232,0.007980926912802604,1.0029564950948258
5.5284,0.9822503016335856,-0.055451855128533005,0.9267984465050526
5.5488,0.9698162518478405,0.03911824616501389,1.0089344980128543
5.5692,0.9578774225014126,0.007801866453758529,0.9656792889551712
5.589600000000001,0.9466296922600028,-0.0130481716477404,0.9335815206122624
5.61,0.9362576010251309,-0.007819067503752022,0.9284385335213788
5.630400000000001,0.9269313222143608,0.00987483554698377,0.9368061577613446
5.6508,0.9188038707503795,-0.0023220787806873307,0.9164817919696921
5.671200000000001,0.9120085925670387,-0.04061368935562989,0.8713949032114088
5.6916,0.9066569768216923,0.04128985722718639,0.9479468340488787
5.712000000000001,0.9028368267085325,-0.0022108131446494524,0.900626013563883
5.7324,0.900610818884142,0.020403454234315995,0.921014273118458
5.752800000000001,0.9000154751405511,-0.013840996955687824,0.8861744781848633
5.7732,0.9010605631974203,0.030727541084915957,0.9317881042823363
5.7936000000000005,0.9037289364444601,0.005726873777845591,0.9094558102223057
5.814,0.907976815263413,0.012176876689509016,0.9201536919529221
5.8344000000000005,0.9137345053139914,-0.020905067322939095,0.8928294379910523
5.8548,0.9209075409989491,0.024222905793654017,0.9451304467926032
5.8752,0.9293782353476285,0.013796363290695769,0.9431745986383243
5.895600000000001,0.9390076108892547,0.02603692459129997,0.9650445354805546
5.916,0.9496376798364242,-0.012561751192831578,0.9370759286435927
5.936400000000001,0.9610940361681413,-0.009620542369215754,0.9514734937989255
5.9568,0.9731887170844576,0.046078333953678836,1.0192670510381365
5.977200000000001,0.9857232868852557,-0.021200316454430945,0.9645229704308247
5.9976,0.9984920926763965,-0.0027189940135664164,0.99577309866283
6.018000000000001,1.0112856384873488,0.022737827252053908,1.0340234657394027
6.0384,1.0238940224416113,0.001954499354297112,1.0258485217959084
6.058800000000001,1.0361103805867882,0.011659073595065872,1.047769454181854
6.0792,1.0477342808818668,-0.007988980585257504,1.0397453002966093
6.099600000000001,1.058575011657055,0.007401117756950375,1.0659761294140053
6.12,1.068454710592869,-0.02613053703470633,1.0423241735581628
6.1404000000000005,1.0772112828817781,0.03316261359236376,1.1103738964741419
6.1608,1.0847010606945253,-0.0023632809025713954,1.082337779791954
6.1812000000000005,1.0908011603176597,-0.013603564079937007,1.0771975962377227
6.201600000000001,1.0954114982890468,0.013327661640638287,1.1087391599296852
6.222,1.0984564334529205,-0.009214395747771066,1.0892420377051495
6.242400000000001,1.0998860079935069,-0.02668516942805507,1.073200838565452
6.2628,1.0996767670857637,-0.026934350115951106,1.0727424169698125
6.283200000000001,1.0978321437153404,0.013875463053802651,1.1117076067691432
6.3036,1.0943824023540736,-0.003191468762925338,1.0911909335911483
6.324000000000001,1.0893841424151265,-0.002674031193368783,1.0867101112217576
6.3444,1.0829193696345092,0.021554876119525255,1.1044742457540344
6.364800000000001,1.0750941506146992,-0.02253651617513487,1.0525576344395642
6.3852,1.0660368726050595,-0.014613555057296498,1.051423317547763
6.405600000000001,1.0558961370706028,-0.007697596183625509,1.0481985408869774
6.426,1.044838321609003,0.0018870317863414802,1.0467253533953444
6.446400000000001,1.033044850217148,-0.0008434290258115787,1.0322014211913366
6.4668,1.0207092166935638,-0.005737743847798153,1.0149714728457657
6.4872000000000005,1.0080338100133395,-0.001232528041912948,1.0068012819714265
6.5076,0.9952265937611506,-0.002146105525823494,0.9930804882353271
6.5280000000000005,0.9824976941024726,-0.014392087771035858,0.9681056063314367
6.548400000000001,0.9700559522736284,-0.016259859771081547,0.9537960925025468
6.5688,0.9581054981534967,0.005490327154478791,0.9635958253079755
6.589200000000001,0.946842401133776,-0.01781830165991056,0.9290240994738654
6.6096,0.9364514532365211,-0.02314710518381707,0.9133043480527041
6.630000000000001,0.9271031372578588,-0.0062458450225138665,0.9208572922353448
6.6504,0.918950829681138,-0.003153340323276318,0.9157974893578616
6.670800000000001,0.9121282842508975,0.045134469945964185,0.9572627541968617
6.6912,0.9067474374943116,-0.014094005517124674,0.8926534319771869
6.711600000000001,0.9028965721945935,0.018865214499389896,0.9217617866939835
6.732,0.9006388689479992,0.014943766684092637,0.9155826356320917
6.752400000000001,0.9000113695688183,-0.023778899104074724,0.8762324704647436
6.7728,0.9010243693496258,0.015465059548051994,0.9164894288976778
6.793200000000001,0.9036612481478884,-0.023677612803866356,0.879983635344022
6.8136,0.907878743070266,-0.05318344475993482,0.8546952983103311
6.8340000000000005,0.9136076582807164,0.012126390487187616,0.9257340487679041
6.8544,0.9207540002866806,-0.03511781166875439,0.8856361886179263
6.8748000000000005,0.9292005200768747,0.009018689236118297,0.938219209312993
6.895200000000001,0.9388086368090474,-0.013680217954744332,0.9251284188543031
6.9156,0.949420711486042,0.033191015923797446,0.9826117274098395
6.936000000000001,0.96086263331628,0.02137018798632018,0.9822328213026001
6.9564,0.9729466763246145,-0.009067716077027754,0.9638789602475868
6.976800000000001,0.9854745793455629,-0.013756752220573647,0.9717178271249893
6.9972,0.9982407988658898,-0.024281548061882412,0.9739592508040074
7.017600000000001,1.0110358813476392,-0.008818452645851828,1.0022174287017873
7.038,1.0236498997023722,-0.005607109903690182,1.018042789798682
7.058400000000001,1.03587589753489,-0.007293870887833708,1.0285820266470564
7.0788,1.0475132846472082,0.0031340771054472793,1.0506473617526555
7.099200000000001,1.0583711280932528,0.011570429954577568,1.0699415580478304
7.1196,1.0682712847883975,0.00699308913986348,1.075264373928261
7.140000000000001,1.077051324277579,-0.015282878478128861,1.06176844579945
7.1604,1.0845671937085417,-0.02875582947603157,1.0558113642325102
7.1808000000000005,1.0906955812863863,0.027290636962049426,1.1179862182484357
7.201200000000001,1.095335939432551,-0.013788983690998752,1.0815469557415522
7.2216000000000005,1.0984121344545545,-0.013045871998700383,1.0853662624558542
7.242000000000001,1.0998736956606017,-0.010423786246022217,1.0894499094145795
7.2624,1.0996966434250046,-0.03686139100313297,1.0628352524218716
7.282800000000001,1.097883882618472,-0.009559480080809734,1.0883244025376624
7.3032,1.0944651549483118,-0.009593116280158954,1.0848720386681527
7.323600000000001,1.0894965509904915,0.01240716596687025,1.1019037169573618
7.344,1.0830595899195814,0.01396914298214672,1.097028732901728
7.364400000000001,1.0752598820353136,7.54177817253868e-05,1.0753352998170391
7.3848,1.0662253960295005,0.018636967482286073,1.0848623635117867
7.405200000000001,1.0561043594220056,0.00679929967602524,1.062903659098031
7.4256,1.0450628266130275,-0.0003136422320510954,1.0447491843809764
7.446000000000001,1.0332819544522984,0.00321856336596446,1.036500517818263
7.4664,1.0209550300245642,-0.0038130698716279873,1.0171419601529363
7.486800000000001,1.0082842994160208,-0.007896990280669007,1.000387309135352
7.507200000000001,0.9954776494917063,-0.005354670737879329,0.9901229787538269
7.5276000000000005,0.9827451971254353,-0.02256022662940014,0.9601849704960351
7.548000000000001,0.9702958418422961,0.0056088341063259195,0.9759046759486221
7.5684000000000005,0.9583338384340232,-0.019862472218591613,0.9384713662154316
7.588800000000001,0.9470554457798339,0.016832625281472727,0.9638880710613067
7.6092,0.9366457068550703,-0.004989171603218977,0.9316565352518513
7.629600000000001,0.9272754127575602,0.0009898996330018148,0.928265312390562
7.65,0.9190983005625053,0.009876735525619127,0.9289750360881244
7.670400000000001,0.9122485309802701,0.012866289301258558,0.9251148202815287
7.6908,0.9068384872007974,-0.03141246817266906,0.8754260190281283
7.711200000000001,0.9029569310386794,-0.0041380735232794345,0.8988188575153999
7.7316,0.9006675466307621,0.017603578241615646,0.9182711248723777
7.752000000000001,0.9000078955796184,-0.03396211638864509,0.8660457791909733
7.7724,0.9009888006857071,0.007745609507901268,0.9087344101936083
7.792800000000001,0.903594168379233,-0.04511128458804379,0.8584828837911892
7.8132,0.9077812527650451,-0.02045013687271207,0.887331115892333
7.833600000000001,0.9134813569484257,0.000772611036803762,0.9142539679852295
7.854000000000001,0.9206009601352168,-0.03313430204643907,0.8874666580887777
7.8744000000000005,0.9290232520141154,-0.019710214753683012,0.9093130372604323
7.894800000000001,0.9386100492467476,-0.029436700149271737,0.9091733490974759
7.9152000000000005,0.9492040626219361,0.03296269864415119,0.9821667612660874
7.935600000000001,0.9606314776772981,0.003284555109746679,0.9639160327870447
7.956,0.9727048064482676,0.011345805557053388,0.984050612005321
7.976400000000001,0.9852259635563221,-0.00445350201030309,0.9807724615460189
7.9968,0.9979895161674543,-0.007068634975143982,0.9909208811923104
8.0172,1.0107860544993061,-0.032329483773020654,0.9784565707262854
8.037600000000001,1.0234056275775145,-0.0058367472549572565,1.0175688803225573
8.058,1.0356411878713248,-0.015229844236232467,1.0204113436350923
8.0784,1.0472919882928213,0.017158478485846725,1.064450466778668
8.0988,1.0581668758256824,0.022822037333151468,1.080988913158834
8.119200000000001,1.0680874277453873,0.029331574311483553,1.0974190020568708
8.1396,1.0768908789753389,0.01705103878922464,1.0939419177645635
8.16,1.0844327925502015,-0.011973078738459722,1.0724597138117418
8.1804,1.0905894293725296,-0.02231793971920789,1.0682714896533216
8.200800000000001,1.0952597783824474,0.015333263632901722,1.1105930420153491
8.221200000000001,1.0983672138316614,0.007125856349445779,1.1054930701811072
8.2416,1.0998607524711543,-0.035370769013540616,1.0644899834576138
8.262,1.0997158900260613,0.007109635854875382,1.1068255258809367
8.2824,1.0979350032338018,0.016290396449757327,1.1142253996835592
8.302800000000001,1.0945473108492896,0.0011785117836325993,1.0957258226329223
8.3232,1.089608394257,-0.0037010734201868307,1.0859073208368133
8.3436,1.083199285555141,-0.016152969752327113,1.0670463158028138
8.364,1.07542513807361,-0.02893069399126776,1.0464944440823423
8.384400000000001,1.0664135011383464,0.01600595898680055,1.082419460125147
8.4048,1.0563122273877827,-0.006182288895434176,1.0501299384923486
8.4252,1.0452870469757471,-0.004669333230873854,1.0406177137448733
8.4456,1.0335188484605362,0.034654423738382664,1.0681732721989188
8.466000000000001,1.0212007109922048,0.013690022137183809,1.0348907331293886
8.4864,1.008534736490565,0.007416500025622041,1.0159512365161871
8.5068,0.9957287337878863,0.0028412361037447134,0.998569969891631
8.5272,0.9829928091391107,0.030399897215315455,1.0133927063544261
8.547600000000001,0.9705359190385707,0.03439178614832389,1.0049277051868946
8.568000000000001,0.9585624419006713,0.018590102229590563,0.9771525441302619
8.5884,0.9472688248524718,0.011644491827958485,0.9589133166804302
8.6088,0.9368403606537675,-0.0418920614241229,0.8949482992296446
8.6292,0.9274481476252798,0.0024744382846701315,0.9299225859099499
8.649600000000001,0.9192462824629757,-0.00260213908387408,0.9166441433791016
8.67,0.9123693319956137,0.0018790645877113743,0.914248396583325
8.6904,0.9069301253660306,0.018860921746450356,0.925791047112481
8.7108,0.9030179028595308,-0.05479354334379113,0.8482243595157396
8.731200000000001,0.9006968517512868,-0.011386241069403702,0.8893106106818831
8.7516,0.9000050531948949,0.005398087098815228,0.90540314029371
8.772,0.9009538574303348,-0.00933691092105525,0.8916169465092796
8.7924,0.9035276975622059,-0.02833812226252519,0.8751895752996807
8.812800000000001,0.9076843449635518,0.017379269737935906,0.9250636147014877
8.833200000000001,0.9133556021149065,0.005537438116922561,0.918893040231829
8.8536,0.9204484215112405,-0.019422091408889692,0.9010263301023508
8.874,0.9288464322790718,0.006296344090316476,0.9351427763693883
8.894400000000001,0.9384118494567412,0.016431714240995918,0.954843563697737
8.914800000000001,0.9489877346125779,0.00010585292598721707,0.9490935875385651
8.9352,0.960400570711299,0.016011296068619937,0.976411866779919
8.9556,0.9724631089831979,0.001565203503233227,0.9740283124864311
8.976,0.9849774410879243,-0.007904579653087088,0.9770728614348372
8.996400000000001,0.9977382461683274,-0.02318841032799826,0.9745498358403292
9.0168,1.0105361595203899,-0.0017186153394322546,1.0088175441809577
9.0372,1.023161207609991,0.0038858587609154334,1.0270470663709064
9.0576,1.0354062530786468,0.017516655231746617,1.0529229083103935
9.078000000000001,1.0470703932165335,-0.0023021493697445343,1.044768243846789
9.0984,1.0579622561445103,0.009148312124419817,1.0671105682689301
9.1188,1.0679031406251775,-0.01929224027467457,1.048610900350503
9.1392,1.0767299479885182,-0.015652583116550503,1.0610773648719676
9.159600000000001,1.084297858068455,-0.002207785980537755,1.0820900720879172
9.180000000000001,1.0904827052466022,-0.02109256927970028,1.0693901359669018
9.2004,1.0951830156198101,0.016404956746493626,1.1115879723663038
9.2208,1.0983216718679834,0.009262606586372141,1.1075842784543555
9.241200000000001,1.0998471785069208,0.005581915287849069,1.10542909379477
9.261600000000001,1.099734506767362,0.006778082504318891,1.106512589271681
9.282,1.0979855052384246,0.04042087122969595,1.1384063764681205
9.3024,1.0946288695380673,-0.009377283759335912,1.0852515857787313
9.3228,1.0897196715081887,-0.044028825710011155,1.0456908457981775
9.343200000000001,1.0833384556587948,0.003986003937929304,1.0873244595967242
9.3636,1.075589917685742,-0.001012070819233318,1.0745778468665086
9.384,1.0666011867434253,-0.010350380850208065,1.0562508058932172
9.4044,1.056519739654926,-0.019576597187175398,1.0369431424677507
9.424800000000001,1.045510981280865,-0.008783790436042958,1.036727190844822
9.4452,1.0337555307455106,0.003626768584356426,1.0373822993298671
9.4656,1.0214462580446342,-0.010056334012850766,1.0113899240317834
9.486,1.0087851196550743,0.04824907359087497,1.0570341932459493
9.506400000000001,0.9959798450637044,-0.01921008763266296,0.9767697574310414
9.526800000000001,0.983240528579447,-0.015862347254153433,0.9673781813252935
9.5472,0.9707761823459955,-0.04577240080029057,0.925003781545705
9.5676,0.958791307109458,0.00502968830043074,0.9638209954098887
9.588000000000001,0.9474825370038702,-0.040328132555995204,0.907154404447875
9.608400000000001,0.9370354134030735,-0.010789092667490029,0.9262463207355834
9.6288,0.9276213407699313,-0.005513410691211139,0.9221079300787202
9.6492,0.9193947744478154,-0.014194559316937765,0.9052002151308776
9.6696,0.9124906865338825,0.03477745354909022,0.9472681400829728
9.690000000000001,0.9070223514111747,0.01988788782630998,0.9269102392374847
9.7104,0.9030794872720171,0.026382737526031513,0.9294622247980486
9.7308,0.9007267841244663,-0.01764837637099837,0.8830784077534679
9.7512,0.9000028424326016,0.02257188129029137,0.9225747237228931
9.771600000000001,0.90091953980423,0.009920018926879244,0.9108395587311092
9.792000000000002,0.9034618361166729,0.01542811897353691,0.9188899550902098
9.8124,0.9075880202779083,0.020588776575655342,0.9281767968535637
9.8328,0.9132303945744946,-0.01817526491918106,0.8950551296553135
9.853200000000001,0.9202963853782702,-0.00848635241955803,0.9118100329587122
9.873600000000001,0.9286700619886332,0.01725192022656902,0.9459219822152023
9.894,0.9382140386909663,-0.05311238185949866,0.8851016568314677
9.9144,0.948771728824412,0.030266561651464106,0.9790382904758761
9.934800000000001,0.960169913876818,0.01106264128415168,0.9712325551609697
9.955200000000001,0.9722215854560979,-0.0009140792132046971,0.9713075062428932
9.9756,0.9847290135101733,0.004410153115143466,0.9891391666253168
9.996,0.9974869904556661,-0.02059870566617953,0.9768882847894866
10.0164,1.0102861979893645,-0.006998867291782095,1.0032873306975825
10.036800000000001,1.0229166413436928,0.022005686764407475,1.0449223281081002
10.0572,1.0351710946408308,0.025960439446524423,1.0611315340873553
10.0776,1.0468485008180592,0.053924481051271594,1.1007729818693308
10.098,1.0577572703422269,-0.0014784933256083027,1.0562787770166187
10.118400000000001,1.0677184245918274,-0.013171059336100075,1.0545473652557273
10.138800000000002,1.0765685323336442,-0.010284679318799776,1.0662838530148444
10.1592,1.0841623911156213,-0.020360837505747294,1.063801553609874
10.1796,1.0903754095827316,-0.0015570951188170151,1.0888183144639145
10.200000000000001,1.0951056516295155,0.007654648600245363,1.1027603002297608
10.220400000000001,1.098275508851189,-0.0006848456106390774,1.09759066324055
10.2408,1.0998329738536416,0.021926936913315972,1.1217599107669576
10.2612,1.099752493531313,-0.004684316026890731,1.0950681775044222
10.281600000000001,1.0980353883133418,-0.006949013049971265,1.0910863752633706
10.302000000000001,1.0947098304994745,-0.011625369537206505,1.0830844609622678
10.3224,1.0898303820411706,-0.03265269052468991,1.0571776915164806
10.3428,1.083477099351469,-0.03135535448616908,1.0521217448653
10.3632,1.0757542198308707,-0.023583158612753757,1.052171061218117
10.383600000000001,1.0667884516592108,0.026028561433295218,1.092817013092506
10.404,1.056726894912676,0.017905205457798598,1.0746321003704746
10.4244,1.0457346281138904,0.0274992813278598,1.0732339094417502
10.4448,1.0339919998122062,-0.026644233091890037,1.0073477667203161
10.465200000000001,1.0216916696308407,-0.03937249379572041,0.9823191758351203
10.485600000000002,1.0090354473279926,-0.013201126402681658,0.9958343209253109
10.506,0.996230981733006,0.0035163790659205603,0.9997473607989265
10.5264,0.983488353881714,0.00997380549819655,0.9934621593799106
10.546800000000001,0.9710166302469341,0.020959443119361057,0.9919760733662951
10.567200000000001,0.9590204326147442,0.005685593416144293,0.9647060260308885
10.5876,0.9476965808841078,0.03485337561311262,0.9825499564972204
10.608,0.9372308638709298,-0.00445211361896641,0.9327787502519634
10.628400000000001,0.9277949910975307,-0.018261584360835928,0.9095334067366948
10.648800000000001,0.9195437755790672,-0.033624364309888674,0.8859194112691785
10.6692,0.9126125938285359,-0.017779427161908997,0.8948331666666269
10.6896,0.90711516475368,0.00484235921970246,0.9119575239733825
10.71,0.9031416838871369,-0.017774405147072618,0.8853672787400643
10.730400000000001,0.9007573435612313,0.018734849270705144,0.9194921928319364
10.7508,0.9000012633067034,0.028246554120748862,0.9282478174274522
10.7712,0.9008858480241609,-0.04739173810453206,0.8534941099196289
10.7916,0.9033965844586502,0.01728104600995296,0.9206776304686032
10.812000000000001,0.9074922793165544,-0.04479208117323474,0.8627001981433197
10.832400000000002,0.9131057351180695,0.00802998110180575,0.9211357162198752
10.8528,0.9201448526966475,0.024497411283873196,0.9446422639805206
10.8732,0.9284941422568493,0.0012971221268715236,0.9297912643837208
10.893600000000001,0.9380166181989043,-0.02559378346408479,0.9124228347348194
10.914000000000001,0.9485560466218496,-0.011708624085555452,0.9368474225362942
10.9344,0.9599395086308076,-0.005232908914218014,0.9547065997165896
10.9548,0.9719802373925601,-0.0036448956757988587,0.9683353417167613
10.975200000000001,0.9844806823922739,-0.0040579368153333415,0.9804227455769405
10.995600000000001,0.9972357506165398,-0.002197655586186276,0.9950380950303536
11.016,1.0100361714851214,0.004269600978203378,1.0143057724633247
11.0364,1.0226719303234315,-0.024171473074664426,0.9985004572487671
11.0568,1.0349357140432671,-0.00484039659740439,1.0300953174458627
11.077200000000001,1.0466263124989925,0.03036522340711411,1.0769915359061066
11.0976,1.057551919713633,-0.007692908462850355,1.0498590112507826
11.118,1.067533280812102,-0.008876721863103955,1.058656558948998
11.1384,1.0764066330303048,0.021563946074284756,1.0979705791045895
11.158800000000001,1.0840263925473843,-0.051183693326881934,1.0328426992205024
11.179200000000002,1.0902675430586564,0.02362757202576572,1.113895115084422
11.1996,1.0950276869002356,-0.012638075160103346,1.0823896117401322
11.22,1.098228725072869,0.0032785714490517325,1.1015072965219208
11.240400000000001,1.0998181386010413,0.0019264271184239365,1.101744565719465
11.260800000000001,1.0997698502043,0.018849362384407875,1.118619212588708
11.2812,1.0980846521434653,-0.005351894924706954,1.0927327572187584
11.3016,1.094790193222118,-0.013560515631289008,1.081229677590829
11.322000000000001,1.0899405251566372,0.025956915813021977,1.1158974409696591
11.342400000000001,1.0836152157574148,-0.0472834763428236,1.0363317394145912
11.3628,1.0759180434711761,0.000406683634104865,1.076324727105281
11.3832,1.0669752947028364,-0.026958508452582408,1.0400167862502538
11.4036,1.0569336918525265,-0.01523146776513118,1.0417022240873952
11.424000000000001,1.045957986062148,0.04022513362926274,1.0861831196914107
11.444400000000002,1.0342282541669565,-0.0008919085291171406,1.0333363456378393
11.4648,1.0219369442006725,0.0039013939430276234,1.0258383381437002
11.4852,1.009285717928117,-0.03563125711411183,0.9736544608140051
11.505600000000001,0.9964821422094754,-0.014580893175893915,0.9819012490335814
11.526000000000002,0.9837362834805111,0.003931148014575698,0.9876674314950868
11.5464,0.9712572612225883,0.007095153862264362,0.9783524150848526
11.5668,0.9592498169692522,0.012337731087865575,0.9715875480571178
11.587200000000001,0.9479109551411669,0.00017255797835152644,0.9480835131195183
11.607600000000001,0.9374267108227639,0.010540084169093194,0.9479667949918571
11.628,0.9279690975112093,0.00907563825271368,0.9370447357639229
11.6484,0.9196932849155609,-0.03659480822009063,0.8830984766954703
11.668800000000001,0.9127350531095408,0.0007401144382029907,0.9134751675477438
11.689200000000001,0.9072085648072867,0.015358048154654073,0.9225666129619408
11.7096,0.903204492312023,0.01179759641469039,0.9150020887267134
11.73,0.9007885298685523,-0.007277176199415798,0.8935113536691365
11.7504,0.9000003158271745,-0.016112530150787358,0.8838877856763871
11.770800000000001,0.9008527823029436,-0.022366238486432644,0.878486543816511
11.791200000000002,0.9033319430003041,-0.0026210802308282467,0.9007108627694758
11.8116,0.9073971226842408,0.02266159759119444,0.9300587202754352
11.832,0.9129816245330478,-0.03903608202963204,0.8739455425034157
11.852400000000001,0.9199938244235362,-0.01319783459458996,0.9067959898289462
11.872800000000002,0.9283186741949279,-0.02279604910853548,0.9055226250863924
11.8932,0.9378195892275675,0.01569915042481,0.9535187396523774
11.9136,0.9483406893672561,-0.011086192531426018,0.9372544968358301
11.934000000000001,0.9597093564286339,-0.009412753163095828,0.950296603265538
11.954400000000001,0.9717390663170743,-0.00433899139873298,0.9674000749183413
11.9748,0.9842324493028172,0.008907865017895946,0.9931403143207131
11.9952,0.9969845282379148,-0.007847779962992735,0.9891367482749222
12.015600000000001,1.0097860815869653,-0.06092286109599854,0.9488632204909667
12.036000000000001,1.0224270760949392,0.010866237827750393,1.0332933139226896
12.0564,1.0347001127727444,0.00878085915344085,1.0434809719261853
12.0768,1.046403829662795,-0.004390820566624265,1.0420130090961708
12.0972,1.0573462055558356,-0.02168073241343869,1.0356654731423969
12.117600000000001,1.0673477104554734,0.007035602213627166,1.0743833126691005
12.138000000000002,1.0762442511011452,0.007584710670711735,1.0838289617718568
12.1584,1.0838898632227842,-0.009400657654017496,1.0744892055687667
12.1788,1.0901591063557186,-0.004334629411510773,1.0858244769442078
12.199200000000001,1.0949491219244392,-0.018603130050486427,1.0763459918739526
12.219600000000002,1.0981813208285347,-0.003571781841746583,1.094609538986788
12.24,1.0998026728428272,-0.03100858690166962,1.0687940859411575
12.2604,1.0997865766766894,0.00834637642063671,1.108132953097326
12.280800000000001,1.0981332964176171,-0.018887369816485877,1.0792459266011312
12.301200000000001,1.0948699571983838,0.004762062956646242,1.09963202015503
12.3216,1.090050100158865,-0.028119258325357985,1.061930841833507
12.342,1.0837528040042144,-0.011801152917390794,1.0719516510868237
12.362400000000001,1.0760813875718565,-0.0022097881013185567,1.073871599470538
12.382800000000001,1.0671617146941,-0.03321399623738527,1.0339477184567147
12.403200000000002,1.0571401291682363,0.0023029574628018433,1.059443086631038
12.4236,1.046181053714789,-0.007582951257598455,1.0385981024571906
12.444,1.034464292317451,-0.03484712395618461,0.9996171683612664
12.464400000000001,1.022182080204842,-0.026064855082246315,0.9961172251225957
12.484800000000002,1.0095359298745987,0.012102401681643334,1.021638331556242
12.5052,0.9967333249066479,0.01791111971102648,1.0146444446176743
12.5256,0.9839843158097811,-0.002638172795599341,0.9813461430141818
12.546000000000001,0.971498073753002,0.00809523624080995,0.979593309993812
12.566400000000002,0.9594794587240622,0.004476871266258214,0.9639563299903203
12.5868,0.9481256584209445,0.006592459642554761,0.9547181180634993
12.6072,0.9376229530215004,0.02571968014160586,0.9633426331631063
12.627600000000001,0.9281436589112161,-0.030139967964285443,0.8980036909469307
12.648000000000001,0.9198433015129124,0.013529214647232463,0.9333725161601448
12.6684,0.912858063603379,-0.007640179111556404,0.9052178844918225
12.6888,0.9073025509820296,-0.004485178685032807,0.9028173722969968
12.709200000000001,0.9032679121499434,-0.006044994609101401,0.897222917540842
12.729600000000001,0.900820342849439,-0.007502942333225677,0.8933174005162133
12.750000000000002,0.9,-0.02452392383566038,0.8754760761643396
12.7704,0.900820342849439,0.0036667839851520253,0.9044871268345911
12.7908,0.9032679121499434,0.03341886065577714,0.9366867728057205
12.811200000000001,0.9073025509820297,-0.0011226604089751423,0.9061798905730546
12.831600000000002,0.9128580636033792,-2.770085470191452e-05,0.9128303627486772
12.852,0.9198433015129126,-0.01374598074313327,0.9060973207697793
12.8724,0.9281436589112164,-0.0023494909283622296,0.9257941679828542
12.892800000000001,0.9376229530215008,0.009323328520680615,0.9469462815421814
12.913200000000002,0.948125658420945,-0.007404848814086859,0.9407208096068581
12.9336,0.9594794587240626,-0.009076080821040021,0.9504033779030225
12.954,0.9714980737530025,0.008065290803264936,0.9795633645562674
12.974400000000001,0.9839843158097815,-0.01836009539638091,0.9656242204134006
12.994800000000001,0.9967333249066483,0.005049932541537449,1.0017832574481857
13.0152,1.0095359298745992,0.016406435945228434,1.0259423658198277
13.0356,1.0221820802048425,0.027198970833589686,1.049381051038432
13.056000000000001,1.0344642923174514,-0.0018076401455389363,1.0326566521719125
13.076400000000001,1.0461810537147895,0.027351944796134273,1.0735329985109239
13.096800000000002,1.0571401291682367,0.02068819772963036,1.077828326897867
13.1172,1.0671617146941004,-0.019924252807421324,1.047237461886679
13.1376,1.0760813875718567,-0.02435877023186302,1.0517226173399936
13.158000000000001,1.0837528040042146,-0.006099272757088409,1.0776535312471263
13.178400000000002,1.090050100158865,0.020578709851897085,1.110628810010762
13.1988,1.0948699571983838,-0.001445740151200098,1.0934242170471837
13.2192,1.0981332964176174,-0.01201315115315577,1.0861201452644615
13.239600000000001,1.0997865766766894,0.031044863600971216,1.1308314402776607
13.260000000000002,1.0998026728428272,0.005738089760066928,1.1055407626028941
13.2804,1.0981813208285347,-0.046411885515814835,1.0517694353127198
13.3008,1.0949491219244392,0.0063432125258537754,1.101292334450293
13.321200000000001,1.0901591063557186,0.010400812291417356,1.100559918647136
13.341600000000001,1.083889863222784,0.004512173089422076,1.088402036312206
13.362,1.076244251101145,0.00899424200463985,1.0852384931057848
13.3824,1.067347710455473,-0.0013455121784596348,1.0660021982770134
13.402800000000001,1.0573462055558351,-0.026367917392894683,1.0309782881629403
13.423200000000001,1.0464038296627949,-0.007414080064409069,1.0389897495983857
13.443600000000002,1.034700112772744,-0.018912315911125827,1.0157877968616182
13.464,1.0224270760949388,-0.018654818215887558,1.003772257879051
13.4844,1.0097860815869648,-0.025261366982045508,0.9845247146049193
13.504800000000001,0.9969845282379144,0.009049781852792928,1.0060343100907074
13.525200000000002,0.9842324493028167,0.001957922908252542,0.9861903722110693
13.5456,0.9717390663170739,-0.008963307253614161,0.9627757590634597
13.566,0.9597093564286334,-0.012986758554607764,0.9467225978740257
13.586400000000001,0.9483406893672557,-0.0004684621004290434,0.9478722272668266
13.606800000000002,0.9378195892275671,0.021583894562249784,0.9594034837898169
13.6272,0.9283186741949276,-0.0400843143099783,0.8882343598849494
13.6476,0.9199938244235359,0.007537530417017855,0.9275313548405538
13.668000000000001,0.9129816245330475,-0.010914239480355649,0.9020673850526919
13.688400000000001,0.9073971226842407,-0.03769171689958895,0.8697054057846517
13.7088,0.903331943000304,-0.038914061663279174,0.8644178813370248
13.7292,0.9008527823029436,-0.018255669882705838,0.8825971124202378
13.749600000000001,0.9000003158271745,0.004390191115860905,0.9043905069430355
13.770000000000001,0.9007885298685523,0.007861258679601833,0.9086497885481541
13.790400000000002,0.9032044923120233,-0.018779631453555705,0.8844248608584676
13.8108,0.907208564807287,0.020340419828264893,0.9275489846355518
13.8312,0.9127350531095411,0.02845966993032212,0.9411947230398632
13.851600000000001,0.9196932849155612,0.007921731699131204,0.9276150166146925
13.872000000000002,0.9279690975112096,-0.011828053356162216,0.9161410441550474
13.8924,0.9374267108227642,0.022488383690207364,0.9599150945129715
13.9128,0.9479109551411673,0.015107913913266767,0.963018869054434
13.933200000000001,0.9592498169692526,0.017348148227098358,0.976597965196351
13.953600000000002,0.9712572612225887,-0.013129273499430629,0.9581279877231581
13.974,0.9837362834805116,-0.05669109010549405,0.9270451933750176
13.9944,0.9964821422094758,0.04233582042967351,1.0388179626391494
14.014800000000001,1.0092857179281174,-0.03221756806899868,0.9770681498591187
14.035200000000001,1.021936944200673,-0.0007153614372044226,1.0212215827634685
14.055600000000002,1.0342282541669583,0.047614907024395005,1.0818431611913533
14.076,1.0459579860621484,0.00661153512548748,1.0525695211876358
14.096400000000001,1.056933691852527,0.018984929471164712,1.0759186213236918
14.116800000000001,1.0669752947028366,-0.030047931387634255,1.0369273633152023
14.137200000000002,1.0759180434711766,-0.035553339094674126,1.0403647043765025
14.1576,1.083615215757415,-0.01065405583959109,1.072961159917824
14.178,1.0899405251566374,0.02181499468869,1.1117555198453275
14.198400000000001,1.0947901932221182,-0.006924988952946199,1.087865204269172
14.218800000000002,1.0980846521434655,-0.015892726421429974,1.0821919257220356
14.2392,1.0997698502043,0.003959345798899349,1.1037291960031994
14.2596,1.0998181386010413,0.021638704369545306,1.1214568429705867
14.280000000000001,1.0982287250728688,-0.028898803981467436,1.0693299210914013
14.300400000000002,1.0950276869002353,-0.024210859882467035,1.0708168270177683
14.3208,1.0902675430586561,-0.015773385090187324,1.0744941579684688
14.3412,1.084026392547384,0.02189276749424183,1.1059191600416258
14.361600000000001,1.0764066330303046,0.004696430518974638,1.0811030635492793
14.382000000000001,1.0675332808121016,0.042643068211408876,1.1101763490235106
14.402400000000002,1.0575519197136325,0.018728914516622317,1.0762808342302548
14.4228,1.0466263124989923,-0.0007019035373934077,1.0459244089615989
14.443200000000001,1.0349357140432667,0.02530155676177532,1.060237270805042
14.463600000000001,1.0226719303234313,0.004229940254637561,1.0269018705780688
14.484000000000002,1.010036171485121,-0.014098427050148899,0.9959377444349721
14.5044,0.9972357506165394,0.013599496884902047,1.0108352475014415
14.5248,0.9844806823922735,-0.013926533077221658,0.9705541493150518
14.545200000000001,0.9719802373925598,-0.005807942016077336,0.9661722953764824
14.565600000000002,0.9599395086308072,0.02655565391915966,0.9864951625499669
14.586,0.9485560466218492,-0.002025629724347987,0.9465304168975013
14.6064,0.9380166181989039,-0.016062827746832566,0.9219537904520714
14.626800000000001,0.9284941422568491,-0.009286753828709833,0.9192073884281393
14.647200000000002,0.9201448526966471,0.02043581171177346,0.9405806644084206
14.6676,0.9131057351180694,-0.011050813468334584,0.9020549216497348
14.688,0.9074922793165543,-0.007737416937012931,0.8997548623795414
14.708400000000001,0.9033965844586501,-0.01020585479267257,0.8931907296659776
14.728800000000001,0.9008858480241609,0.0036785098868061987,0.9045643579109671
14.749200000000002,0.9000012633067034,-0.007709795207512166,0.8922914680991912
14.7696,0.9007573435612314,-0.03203672097945074,0.8687206225817806
14.790000000000001,0.9031416838871371,-0.017743618836900805,0.8853980650502363
14.810400000000001,0.9071151647536803,-0.018655780830128765,0.8884593839235515
14.830800000000002,0.9126125938285368,0.024866387689103098,0.9374789815176399
14.8512,0.9195437755790674,0.016253480842180847,0.9357972564212482
14.8716,0.927794991097531,0.01174518758799652,0.9395401786855275
14.892000000000001,0.9372308638709301,-0.0101071663452882,0.9271236975256419
14.912400000000002,0.9476965808841094,-0.016315830839879426,0.9313807500442299
14.9328,0.9590204326147447,-0.010150352033147141,0.9488700805815975
14.9532,0.9710166302469345,-0.02103760205103348,0.9499790281959011
14.973600000000001,0.9834883538817144,0.04994400783174014,1.0334323617134547
14.994000000000002,0.9962309817330078,-0.044906432967428044,0.9513245487655798
15.014400000000002,1.0090354473279946,0.011280170701476182,1.0203156180294708
15.0348,1.0216916696308411,-0.025691045959850545,0.9960006236709906
15.055200000000001,1.0339919998122067,-0.0020868698298938527,1.0319051299823128
15.075600000000001,1.045734628113892,-0.01976003884987469,1.0259745892640173
15.096000000000002,1.0567268949126762,-0.02355257924965262,1.0331743156630235
15.1164,1.066788451659211,-0.022803926018699232,1.0439845256405118
15.136800000000001,1.075754219830871,0.035099723074841174,1.110853942905712
15.157200000000001,1.0834770993514702,-0.00265976844619184,1.0808173309052784
15.177600000000002,1.0898303820411708,-0.015314043889561726,1.074516338151609
15.198,1.0947098304994745,0.011115739281657459,1.105825569781132
15.2184,1.098035388313342,0.00020698629132598706,1.0982423746046681
15.238800000000001,1.0997524935313132,0.014400675186833056,1.1141531687181463
15.259200000000002,1.0998329738536416,-0.0364851331187566,1.063347840734885
15.2796,1.0982755088511889,0.006072078089240028,1.104347586940429
15.3,1.0951056516295155,0.015453896742047635,1.1105595483715631
15.320400000000001,1.0903754095827312,-0.03323196582229127,1.05714344376044
15.340800000000002,1.084162391115621,0.008963905688466249,1.0931262968040873
15.361200000000002,1.0765685323336434,0.033923631456563214,1.1104921637902065
15.3816,1.067718424591827,-0.0002971540670940543,1.067421270524733
15.402000000000001,1.057757270342226,0.016428118740496225,1.0741853890827222
15.422400000000001,1.0468485008180588,0.013411409006218199,1.060259909824277
15.442800000000002,1.035171094640831,-0.014150113950211539,1.0210209806906194
15.4632,1.0229166413436923,0.0007953346917299034,1.0237119760354223
15.483600000000001,1.0102861979893631,-0.03133989421723205,0.9789463037721311
15.504000000000001,0.9974869904556657,-0.009026060742050522,0.9884609297136152
15.524400000000002,0.9847290135101735,0.005313759499324718,0.9900427730094982
15.5448,0.9722215854560975,0.014462009874755963,0.9866835953308535
15.5652,0.9601699138768169,0.0004922425049582324,0.9606621563817752
15.585600000000001,0.9487717288244116,0.014399674602863309,0.9631714034272749
15.606000000000002,0.9382140386909665,-0.022058124259107394,0.9161559144318592
15.6264,0.9286700619886329,-0.002033945491097432,0.9266361164975354
15.6468,0.9202963853782703,0.0003855876902615443,0.9206819730685318
15.667200000000001,0.9132303945744944,0.03699182493359273,0.9502222195080872
15.687600000000002,0.9075880202779084,-0.004283333124001685,0.9033046871539068
15.708000000000002,0.9034618361166723,-0.009980332759883657,0.8934815033567887
15.7284,0.90091953980423,0.0004270244768709722,0.9013465642811009
15.748800000000001,0.9000028424326016,-0.018382268897398874,0.8816205735352027
15.769200000000001,0.9007267841244663,0.0038550769813043236,0.9045818611057705
15.789600000000002,0.9030794872720171,-0.007301104330925154,0.895778382941092
15.81,0.9070223514111746,-0.035826550960823676,0.8711958004503509
15.830400000000001,0.9124906865338828,-0.001171731022677217,0.9113189555112056
15.850800000000001,0.9193947744478153,-0.006350861878603985,0.9130439125692112
15.871200000000002,0.9276213407699316,-0.03264846604135967,0.894972874728572
15.8916,0.9370354134030734,-0.0013426830922904354,0.9356927303107829
15.912,0.9474825370038706,0.029787119241489607,0.9772696562453602
15.932400000000001,0.9587913071094577,0.010426074965514273,0.969217382074972
15.952800000000002,0.9707761823459958,0.012238543854623156,0.983014726200619
15.9732,0.9832405285794467,-0.026829934511660852,0.9564105940677858
15.9936,0.9959798450637048,0.009537967378444449,1.0055178124421493
16.014000000000003,1.0087851196550754,0.0029689916276015617,1.0117541112826771
16.0344,1.0214462580446346,0.010580904766688633,1.0320271628113233
16.0548,1.0337555307455097,0.008452572434176513,1.0422081031796862
16.075200000000002,1.0455109812808667,-0.027195614510076273,1.0183153667707905
16.0956,1.0565197396549257,-0.0008280162311593486,1.0556917234237664
16.116,1.0666011867434246,-0.015157417208503322,1.0514437695349212
16.136400000000002,1.0755899176857422,-0.001001681885696442,1.0745882358000458
16.1568,1.083338455658795,-0.01794801853803661,1.0653904371207585
16.177200000000003,1.0897196715081892,0.026249407342819928,1.115969078851009
16.1976,1.0946288695380675,-0.017179447768886847,1.0774494217691806
16.218,1.0979855052384244,-0.01797884312931072,1.0800066621091138
16.238400000000002,1.099734506767362,0.0014917281308710706,1.1012262348982331
16.2588,1.0998471785069208,-0.021541981388079896,1.0783051971188409
16.2792,1.0983216718679834,-0.008493266048657314,1.089828405819326
16.2996,1.0951830156198101,-0.016599291950759237,1.078583723669051
16.32,1.090482705246602,0.028223441277792236,1.1187061465243942
16.340400000000002,1.0842978580684544,0.015716076536623453,1.100013934605078
16.3608,1.0767299479885177,-0.001149390369307893,1.07558055761921
16.3812,1.0679031406251782,-0.007824341043480326,1.0600787995816978
16.401600000000002,1.0579622561445092,0.018818352291502267,1.0767806084360114
16.422,1.0470703932165337,0.008104081606457762,1.0551744748229914
16.442400000000003,1.0354062530786452,0.009961048093657134,1.0453673011723024
16.4628,1.0231612076099905,-0.0005238447468850097,1.0226373628631056
16.4832,1.01053615952039,-0.033764600555428646,0.9767715589649615
16.503600000000002,0.9977382461683262,-0.0022493196511910543,0.9954889265171352
16.524,0.9849774410879238,-0.010649798384181355,0.9743276427037425
16.5444,0.9724631089831988,0.012901105469197538,0.9853642144523963
16.5648,0.960400570711298,0.02023684865988378,0.9806374193711818
16.5852,0.9489877346125781,-0.013159020895223373,0.9358287137173548
16.605600000000003,0.9384118494567397,0.009367704685541033,0.9477795541422808
16.626,0.9288464322790715,0.034717579953714266,0.9635640122327858
16.6464,0.9204484215112407,-0.013354254411411179,0.9070941670998296
16.666800000000002,0.913355602114906,0.03363843480146275,0.9469940369163687
16.6872,0.9076843449635517,-0.01705171694341294,0.8906326280201388
16.707600000000003,0.9035276975622053,0.0004591951121590289,0.9039868926743644
16.728,0.9009538574303347,-0.00022291223683682502,0.900730945193498
16.7484,0.9000050531948949,0.0002299779974012475,0.9002350311922961
16.768800000000002,0.900696851751287,-0.016753560838158904,0.8839432909131281
16.7892,0.9030179028595309,-0.011823662075288595,0.8911942407842423
16.8096,0.9069301253660305,-0.013354405727187988,0.8935757196388425
16.830000000000002,0.9123693319956139,0.0065392519080891475,0.918908583903703
16.8504,0.9192462824629759,0.006600702290206233,0.9258469847531822
16.870800000000003,0.927448147625281,0.04451888663476518,0.9719670342600463
16.8912,0.9368403606537684,0.02741978012582243,0.9642601407795909
16.9116,0.947268824852471,-0.010196864842769581,0.9370719600097014
16.932000000000002,0.958562441900673,0.0064973923159237215,0.9650598342165967
16.9524,0.9705359190385711,0.01994235961583519,0.9904782786544063
16.9728,0.9829928091391105,0.0006120364867703562,0.9836048456258808
16.9932,0.9957287337878867,-0.0013928315689387117,0.9943359022189481
17.0136,1.0085347364905648,0.0010314988553977809,1.0095662353459627
17.034000000000002,1.0212007109922066,0.017345532576168558,1.0385462435683752
17.0544,1.0335188484605373,-0.016966410456104652,1.0165524380044326
17.0748,1.0452870469757463,-0.0065133893764034835,1.0387736575993427
17.095200000000002,1.0563122273877839,0.009408662896929638,1.0657208902847135
17.1156,1.0664135011383467,0.00622894143108311,1.0726424425694299
17.136000000000003,1.0754251380736108,0.004791655197127827,1.0802167932707387
17.1564,1.0831992855551413,-0.007396023326076064,1.0758032622290652
17.1768,1.0896083942569998,0.01945071578285074,1.1090591100398506
17.197200000000002,1.0945473108492902,0.042677364944090745,1.137224675793381
17.2176,1.0979350032338022,0.008128309873524125,1.1060633131073263
17.238,1.0997158900260613,-0.003863534030996798,1.0958523559950646
17.2584,1.0998607524711543,0.015114805777890853,1.1149755582490453
17.2788,1.0983672138316611,-0.0107826527350598,1.0875845610966013
17.299200000000003,1.095259778382447,-0.014993806894057934,1.080265971488389
17.3196,1.0905894293725293,0.0006561749522742361,1.0912456043248036
17.34,1.0844327925502015,-0.05165593265939889,1.0327768598908027
17.360400000000002,1.0768908789753386,-0.02307900727304019,1.0538118717022984
17.3808,1.0680874277453865,-0.006959237118416917,1.0611281906269696
17.401200000000003,1.0581668758256808,-0.02706777716295427,1.0310990986627266
17.4216,1.0472919882928202,-0.02065286203784259,1.0266391262549777
17.442,1.0356411878713256,-0.008734966749160147,1.0269062211221656
17.462400000000002,1.0234056275775134,-0.032859305870612185,0.9905463217069013
17.4828,1.0107860544993057,-0.008121435925196638,1.002664618574109
17.5032,0.9979895161674546,-0.01070540329065689,0.9872841128767977
17.523600000000002,0.985225963556321,0.0005081041677003203,0.9857340677240213
17.544,0.9727048064482672,0.023083680609880385,0.9957884870581476
17.564400000000003,0.9606314776772964,0.003450088329857318,0.9640815660071537
17.5848,0.9492040626219351,0.0004212404268412725,0.9496253030487763
17.6052,0.9386100492467478,0.001989089140614235,0.9405991383873621
17.625600000000002,0.9290232520141151,0.00454785550242257,0.9335711075165376
17.646,0.9206009601352165,-0.020334772972195377,0.9002661871630212
17.666400000000003,0.913481356948425,-0.0022955064954159636,0.911185850453009
17.6868,0.9077812527650448,0.006175024836732263,0.9139562776017771
17.7072,0.9035941683792329,-0.02741519965086121,0.8761789687283716
17.727600000000002,0.9009888006857069,0.017313058456317067,0.9183018591420239
17.748,0.9000078955796184,0.021627520689163796,0.9216354162687822
17.7684,0.9006675466307619,-0.012627519768987776,0.8880400268617741
17.788800000000002,0.9029569310386794,-0.004826755829062091,0.8981301752096172
17.8092,0.9068384872007973,-0.01756380685620146,0.8892746803445958
17.829600000000003,0.9122485309802707,0.013987609671756343,0.9262361406520271
17.85,0.9190983005625055,-0.021224445748918182,0.8978738548135874
17.8704,0.9272754127575604,-0.004449540204858406,0.922825872552702
17.890800000000002,0.9366457068550712,-0.01717839815615343,0.9194673086989178
17.9112,0.9470554457798349,0.00101908554022579,0.9480745313200607
17.9316,0.9583338384340223,-0.03588458542979442,0.9224492530042279
17.952,0.9702958418422966,0.026529232847313868,0.9968250746896105
17.9724,0.982745197125435,-0.01929212848412528,0.9634530686413096
17.992800000000003,0.9954776494917075,0.001197893662325521,0.996675543154033
18.0132,1.0082842994160213,-0.004250460895406184,1.0040338385206151
18.0336,1.020955030024564,-0.015242290238449963,1.005712739786114
18.054000000000002,1.0332819544522995,-0.017755602732718707,1.0155263517195807
18.0744,1.045062826613028,0.01872797087104919,1.0637907974840772
18.094800000000003,1.0561043594220072,-0.010512811862038793,1.0455915475599684
18.1152,1.0662253960295005,0.005423403692746218,1.0716487997222468
18.1356,1.0752598820353134,-0.016029937707887496,1.059229944327426
18.156000000000002,1.0830595899195816,-0.012943628636955213,1.0701159612826263
18.1764,1.0894965509904915,0.009444943001756976,1.0989414939922484
18.1968,1.0944651549483115,0.018608169922222327,1.1130733248705338
18.217200000000002,1.0978838826184723,-0.003506328046540399,1.0943775545719319
18.2376,1.0996966434250046,-0.028438397432808737,1.0712582459921958
18.258000000000003,1.0998736956606017,0.03995912159500009,1.1398328172556018
18.2784,1.0984121344545545,-0.01713098616468419,1.0812811482898703
18.2988,1.095335939432551,-0.03083174799343575,1.0645041914391153
18.319200000000002,1.090695581286386,0.05188849175536304,1.1425840730417491
18.3396,1.084567193708542,-0.008080645877018743,1.076486547831523
18.360000000000003,1.077051324277578,-0.02923465376522816,1.04781667051235
18.3804,1.068271284788397,-0.013668795335773636,1.0546024894526234
18.4008,1.0583711280932526,0.007350897920445381,1.065722026013698
18.421200000000002,1.047513284647207,0.003806231151878794,1.0513195157990858
18.4416,1.0358758975348903,-0.0170345839450718,1.0188413135898184
18.462,1.0236498997023733,0.03645447200255919,1.0601043717049325
18.482400000000002,1.0110358813476388,-0.010431593559867463,1.0006042877877712
18.5028,0.9982407988658901,-0.02369373180823104,0.974547067057659
18.523200000000003,0.9854745793455617,0.019213867969213195,1.0046884473147748
18.5436,0.9729466763246141,0.026581256930793648,0.9995279332554077
18.564,0.9608626333162795,-0.01634986195232453,0.944512771363955
18.584400000000002,0.949420711486041,-0.02802694586078621,0.9213937656252548
18.6048,0.9388086368090476,0.020608765348312096,0.9594174021573597
18.625200000000003,0.9292005200768734,-0.04094647226115924,0.8882540478157142
18.6456,0.9207540002866809,-0.02453243318793231,0.8962215670987486
18.666,0.9136076582807166,0.0193489230010047,0.9329565812817212
18.686400000000003,0.9078787430702657,-0.0011070509604477914,0.9067716921098179
18.7068,0.9036612481478883,-0.005278746971853757,0.8983825011760346
18.7272,0.9010243693496259,0.007056332129887567,0.9080807014795135
18.747600000000002,0.9000113695688183,-0.003055488470908174,0.8969558810979101
18.768,0.900638868947999,-0.025973734443261804,0.8746651345047373
18.788400000000003,0.902896572194594,0.02552150692012375,0.9284180791147177
18.8088,0.9067474374943115,0.026500281057736306,0.9332477185520478
18.8292,0.9121282842508973,0.004106651275559194,0.9162349355264565
18.849600000000002,0.9189508296811382,0.0009026803086402055,0.9198535099897783
18.87,0.9271031372578591,0.04679249612040116,0.9738956333782602
18.8904,0.9364514532365209,-0.005528656900316744,0.9309227963362041
18.910800000000002,0.946842401133777,-0.005191539636680789,0.9416508614970962
18.9312,0.9581054981534958,0.007289624984810112,0.9653951231383059
18.951600000000003,0.9700559522736302,0.029426439122846766,0.999482391396477
18.972,0.9824976941024723,0.03185541508834967,1.014353109190822
18.9924,0.9952265937611504,-0.005171452633535425,0.990055141127615
19.012800000000002,1.00803381001334,0.006166624919186905,1.0142004349325269
19.0332,1.0207092166935643,-0.02756166934128154,0.9931475473522827
19.053600000000003,1.033044850217149,-0.006239522158324259,1.0268053280588247
19.074,1.044838321609004,-0.01680580790958613,1.028032513699418
19.0944,1.055896137070602,-0.020136635045979675,1.0357595020246222
19.114800000000002,1.0660368726050609,0.03363153432534655,1.0996684069304075
19.1352,1.075094150614699,-0.0158457332361229,1.0592484173785761
19.1556,1.082919369634509,-0.010632118160229099,1.0722872514742798
19.176000000000002,1.0893841424151267,0.007316975758337165,1.0967011181734638
19.1964,1.0943824023540738,0.02595650533947171,1.1203389076935455
19.216800000000003,1.0978321437153407,0.009622302527776709,1.1074544462431173
19.2372,1.0996767670857637,0.055187102280431645,1.1548638693661952
19.2576,1.0998860079935069,-0.0014933595650229914,1.0983926484284838
19.278000000000002,1.0984564334529203,0.005174328804594921,1.1036307622575152
19.2984,1.095411498289047,0.005512013479681127,1.1009235117687282
19.318800000000003,1.0908011603176586,0.02870098773578309,1.1195021480534417
19.3392,1.084701060694525,0.010144779022192305,1.0948458397167173
19.3596,1.077211282881778,-0.002324594007742982,1.074886688874035
19.380000000000003,1.0684547105928681,-0.018949771898137593,1.0495049386947306
19.4004,1.0585750116570538,0.004888869119232652,1.0634638807762864
19.4208,1.0477342808818677,0.028026896625839192,1.075761177507707
19.441200000000002,1.0361103805867866,-0.008207635873157412,1.0279027447136293
19.4616,1.0238940224416115,0.010578872368331644,1.034472894809943
19.482000000000003,1.011285638487346,0.004922955773696883,1.016208594261043
19.5024,0.998492092676396,0.017270393167626293,1.0157624858440224
19.5228,0.9857232868852552,-0.016095074812757387,0.9696282120724978
19.543200000000002,0.9731887170844565,0.046932940610531236,1.0201216576949879
19.5636,0.9610940361681402,-0.025583222140565166,0.935510814027575
19.584000000000003,0.9496376798364226,-0.007311021799720746,0.9423266580367018
19.604400000000002,0.9390076108892531,0.01876185081811291,0.957769461707366
19.6248,0.9293782353476286,0.0059346634498822675,0.9353128987975109
19.645200000000003,0.920907540998948,0.016599723181622065,0.9375072641805701
19.6656,0.9137345053139911,-0.009922046679651247,0.9038124586343399
19.686,0.9079768152634131,-0.0014960996536068213,0.9064807156098063
19.706400000000002,0.9037289364444597,0.0002446396727763477,0.903973576117236
19.7268,0.9010605631974203,0.03138519229071809,0.9324457554881385
19.747200000000003,0.9000154751405511,0.01380858048766098,0.9138240556282121
19.7676,0.9006108188841421,0.015933442167293428,0.9165442610514355
19.788,0.9028368267085325,-0.013158521850735905,0.8896783048577965
19.808400000000002,0.906656976821693,0.019377652771261016,0.926034629592954
19.8288,0.9120085925670389,0.00451163327137607,0.916520225838415
19.8492,0.9188038707503794,0.02778290631355855,0.9465867770639379
19.869600000000002,0.9269313222143616,0.04028120309836936,0.9672125253127309
19.89,0.9362576010251312,-0.006135315520540092,0.9301222855045911
19.910400000000003,0.9466296922600044,-0.00812606260890125,0.9385036296511031
19.9308,0.9578774225014136,-0.01728089982204739,0.9405965226793662
19.9512,0.9698162518478396,-0.002871590234326411,0.9669446616135132
19.971600000000002,0.9822503016335874,-0.007640508979007672,0.9746097926545797
19.992,0.9949755681820228,0.007190087991420203,1.002165656173443
20.012400000000003,1.0077832698647484,-0.002891336338674719,1.0048919335260738
20.0328,1.0204632725518967,-0.0072319856156323956,1.0132312869362643
20.0532,1.0328075372527636,0.021291702722557034,1.0540992399753206
20.073600000000003,1.0446135333817717,-0.018757604623029035,1.0258559287587425
20.094,1.0556875616488195,0.008662159063026873,1.0643497207118464
20.1144,1.0658479320558403,-0.008118834543769668,1.0577290975120706
20.134800000000002,1.074927944858617,0.014487370097399288,1.0894153149560164
20.1552,1.0827786255856326,0.02770523093444461,1.1104838565200772
20.175600000000003,1.0892711692409385,-0.006061965068481454,1.083209204172457
20.196,1.0942990535892867,0.008820658145463027,1.1031197117347498
20.2164,1.097779786851218,0.003575857314663597,1.1013556441658816
20.236800000000002,1.0996562611338883,-0.01598844799086193,1.0836678131430264
20.2572,1.0998976893920982,0.004815750194838769,1.104713439586937
20.277600000000003,1.0985001105469423,0.005782410105576243,1.1042825206525186
20.298000000000002,1.0954864544746643,0.008257416408923494,1.1037438708835878
20.3184,1.0909061657994548,-0.003967977936400915,1.0869381878630537
20.338800000000003,1.0848343926625745,0.0018838460062029314,1.0867182386687775
20.3592,1.07737075377755,-0.022952218896862706,1.0544185348806874
20.3796,1.0686377040001844,-0.007162281509597135,1.0614754224905874
20.400000000000002,1.0587785252292465,0.011119253594195959,1.0698977788234425
20.4204,1.047954975600863,0.017849477746630607,1.0658044533474937
20.440800000000003,1.0363446355458958,-0.008446296482505415,1.0278983390633905
20.4612,1.0241379942532178,0.0020942805886656865,1.0262322748418835
20.4816,1.0115353243408314,0.004561066502481344,1.0160963908433127
20.502000000000002,0.9987433960116628,0.004029598934088658,1.0027729949457516
20.5224,0.9859720846044253,0.010815471706007804,0.9967875563104331
20.5428,0.9734309271989363,-0.03636155260767139,0.9370693745912649
20.563200000000002,0.9613256847712135,-0.000986481402951452,0.9603392033682621
20.5836,0.949854966302591,0.004780672024935298,0.9546356383275263
20.604000000000003,0.9392069702305395,-0.02000660697907411,0.9192003632514654
20.6244,0.92955639670383,0.0334797141402142,0.9630361108440442
20.6448,0.921061581302175,0.0032311853447633595,0.9242927666469384
20.665200000000002,0.913861897247014,0.03126809490057859,0.9451299921475926
20.6856,0.908075468725008,-0.015810460436661546,0.8922650082883464
20.706000000000003,0.9037972328413911,-0.01814600243050654,0.8856512304108846
20.7264,0.9010973820004704,0.004485044419313638,0.905582426419784
20.7468,0.9000202122688837,-0.033573767256573135,0.8664464450123106
20.767200000000003,0.9005833966163699,0.00429931181252187,0.9048827084288917
20.7876,0.9027776949578815,0.0019443846400583607,0.9047220795979398
20.808,0.9065671057543385,0.020313305630842025,0.9268804113851805
20.828400000000002,0.9118894566847331,0.014020826823301942,0.9259102835080351
20.8488,0.9186574246985039,-0.00834954699770068,0.9103078777008032
20.869200000000003,0.9267599687123453,-0.021949933095404894,0.9048100356169404
20.8896,0.9360641514453769,0.03424610442686593,0.9703102558722428
20.91,0.9464173205021005,-0.015842300411303002,0.9305750200907975
20.930400000000002,0.9576496129184217,-0.020910491141389317,0.9367391217770323
20.9508,0.9695767420790097,-0.021697121189228903,0.9478796208897807
20.971200000000003,0.9820030212814429,0.02234610631073329,1.004349127592176
20.991600000000002,0.9947245743399389,-0.010378004088497041,0.9843465702514418
21.012,1.0075326805527944,-0.015074089323612016,0.9924585912291825
21.032400000000003,1.0202171991530782,0.0027537965180669467,1.022970995671145
21.0528,1.0325700170581436,-0.00413889421114582,1.0284311228469978
21.0732,1.044388463351214,-0.013561909215724938,1.030826554135489
21.093600000000002,1.0554786344741294,0.015079829339569592,1.070558463813699
21.114,1.0656585755752952,0.021306309841959897,1.0869648854172551
21.134400000000003,1.074761265816912,0.01970635017879734,1.0944676159957092
21.1548,1.0826373586619684,0.01533839339322398,1.0979757520551925
21.1752,1.0891576321815275,0.008052510622600704,1.097210142804128
21.195600000000002,1.0942151091804262,-0.03551775999923658,1.0586973491811895
21.216,1.0977268123568193,0.03338501612753937,1.1311118284843587
21.236400000000003,1.0996351256989054,0.006039784207151059,1.1056749099060565
21.256800000000002,1.09990873978259,0.01216312855201283,1.1120718683346027
21.2772,1.0985431654607325,0.022299246458948044,1.1208424119196805
21.297600000000003,1.0955608075159387,0.028667050057639837,1.1242278575735785
21.318,1.0910105970684991,0.00836796022618385,1.099378557294683
21.3384,1.0849671887704933,0.008710923185913072,1.0936781119564063
21.358800000000002,1.0775297359575913,-0.011984485549194387,1.0655452504083969
21.3792,1.0688202638544553,0.000661795022775204,1.0694820588772305
21.399600000000003,1.058981667524327,-0.01708322521628709,1.04189844230804
21.42,1.0481753674101721,-0.014398810642837894,1.0337765567673343
21.4404,1.0365786609325343,-0.017871488046283825,1.0187071728862505
21.460800000000003,1.0243818135961325,-0.003120477819945747,1.0212613357761866
21.4812,1.0117849373309344,0.020981863758400207,1.0327668010893347
21.5016,0.9989947072843262,0.0634194954658036,1.0624142027501298
21.522000000000002,0.9862209709315358,0.0037899927509582694,0.9900109636824941
21.5424,0.973673305138116,-0.026968261755122402,0.9467050433829935
21.562800000000003,0.9615575776622797,0.025299666597125122,0.9868572442594048
21.5832,0.9500725695120458,-0.0060156775295205425,0.9440568919825252
21.6036,0.9394067135736422,-0.01321217187953984,0.9261945416941024
21.624000000000002,0.9297350030201141,0.004196989558461106,0.9339319925785753
21.6444,0.9212161202233542,-0.02481249199112455,0.8964036282322296
21.664800000000003,0.9139898332751109,0.004449263280172136,0.918439096555283
21.685200000000002,0.9081747028319037,-0.0017675104639830995,0.9064071923679207
21.7056,0.9038661369072857,0.001967558136309513,0.9058336950435952
21.726000000000003,0.9011348255262083,0.007628325084183417,0.9087631506103917
21.7464,0.9000255809238937,0.0013498451448161362,0.9013754260687099
21.7668,0.9005566023178968,0.0003267616822578499,0.9008833640001547
21.787200000000002,0.902719177316149,0.005686290379958891,0.908405467696108
21.8076,0.9064778248599256,0.008308012523422536,0.9147858373833481
21.828000000000003,0.9117708773565049,-0.020629649206305153,0.8911412281501997
21.8484,0.9185114924505414,-0.02859982517370897,0.8899116672768325
21.8688,0.926589077834171,-0.0012327610434442952,0.9253563167907267
21.889200000000002,0.9358711057191919,-0.028654709798682163,0.9072163959205097
21.9096,0.9462052872015221,0.0017506294184334173,0.9479559166199555
21.930000000000003,0.9574220708434941,0.0187749375136462,0.9761970083571403
21.950400000000002,0.9693374244800128,0.012142233438320918,0.9814796579183337
21.9708,0.9817558546079957,-0.020963408136509463,0.9607924464714863
21.991200000000003,0.9944736138203076,-0.017205249039150376,0.9772683647811573
22.0116,1.0072820436603345,0.006566025900015108,1.0138480695603496
22.032,1.0199709980514404,-0.008025956102670201,1.0119450419487703
22.052400000000002,1.0323322911335957,-0.006333105901042139,1.0259991852325536
22.0728,1.0441631129389972,0.011938129624959078,1.0561012425639562
22.093200000000003,1.0552693568662344,-0.01974573386915305,1.0355236229970812
22.1136,1.0654688043595029,-0.008024694198223648,1.0574441101612793
22.134,1.0745941145424187,-0.016001649521692026,1.0585924650207268
22.154400000000003,1.0824955697558325,-0.020862589960707112,1.0616329797951254
22.1748,1.0890435319540543,-0.017141563773423293,1.071901968180631
22.1952,1.0941305696577306,0.013549243386928233,1.1076798130446588
22.215600000000002,1.0976732205667605,0.0010364077896484313,1.098709628356409
22.236,1.099613360914317,-0.017583212576701496,1.0820301483376156
22.256400000000003,1.0999191590951813,-0.004622032151859931,1.0952971269433214
22.2768,1.0985855979223318,-0.032776146142443556,1.0658094517798882
22.2972,1.095634556943217,-0.014666256151673314,1.0809683007915438
22.317600000000002,1.09111445346515,0.04299149069734574,1.1341059441624957
22.338,1.0850994481794694,-0.001804876993315012,1.0832945711861544
22.358400000000003,1.0776882284176823,0.01463317854060785,1.09232140695829
22.378800000000002,1.0690023890025364,-0.0013097675028896597,1.0676926214996467
22.3992,1.0591844372591441,0.006963384704836173,1.0661478219639804
22.419600000000003,1.048395454917675,0.01326516179358348,1.0616606167112586
22.44,1.0368124552684672,-0.022092331950529415,1.0147201233179377
22.4604,1.0246254789302636,-0.0006187251454791787,1.0240067537847843
22.480800000000002,1.0120344758809712,0.031577303888329765,1.043611779769301
22.5012,0.9992460249069647,-0.01591001100106582,0.9833360139058989
22.521600000000003,0.9864699442944799,-0.011328797074644386,0.9751411472198355
22.542,0.9739158493710086,-0.006153825547340035,0.9677620238236686
22.5624,0.9617897133765836,0.005380481463524933,0.9671701948401086
22.582800000000002,0.950290488090284,0.010498357272917654,0.9607888453632017
22.6032,0.9396068396568719,0.025348233096373133,0.964955072753245
22.623600000000003,0.9299140531683097,0.00998996466937319,0.9399040178376828
22.644000000000002,0.9213711567863382,-0.0012410625159666806,0.9201300942703715
22.6644,0.9141183125901664,0.025183342592216277,0.9393016551823827
22.684800000000003,0.9082745169572816,0.014082220442831644,0.9223567374001133
22.7052,0.9039356482069067,-0.029913590325140325,0.8740220578817665
22.7256,0.9011728935381214,0.050527364807119966,0.9517002583452413
22.746000000000002,0.9000315810716699,0.035398427763934676,0.9354300088356046
22.7664,0.9005304361579705,-0.003364284455341482,0.897166151702629
22.786800000000003,0.9026612741529633,0.0075582020347695015,0.9102194761877328
22.8072,0.9063891347023985,0.026487174999916784,0.9328763097023153
22.8276,0.9116528553313671,-0.0034440158539376527,0.9082088394774295
22.848000000000003,0.9183660749282827,0.014607035807540388,0.9329731107358231
22.8684,0.9264186506592812,0.022091569471429533,0.9485102201307107
22.888800000000003,0.9356784650659543,-0.02029651815468882,0.9153819469112655
22.909200000000002,0.9459935936975891,-0.012046637071657243,0.9339469566259319
22.9296,0.9571947977139053,0.018428167956211626,0.9756229656701169
22.950000000000003,0.9690983005625052,0.00921628954297661,0.9783145901054818
22.9704,0.9815088031744864,0.018475931206278936,0.9999847343807653
22.9908,0.9942226882083351,-0.002651360293074361,0.9915713279152608
23.011200000000002,1.0070313607705321,-0.00578010421908466,1.0012512565514475
23.0316,1.0197246708021277,-0.03997278951166745,0.9797518812904602
23.052000000000003,1.0320943609807218,-0.022920008530148864,1.009174352450573
23.072400000000002,1.043937483568559,0.0009413218931698738,1.044878805461729
23.0928,1.0550597301470404,0.01649114439128473,1.071550874538325
23.113200000000003,1.0652786196071582,0.010623567330713906,1.0759021869378722
23.1336,1.0744264920909568,-0.0025648394805540403,1.0718616526104028
23.154,1.0823532597628422,-0.005435431329813933,1.0769178284330283
23.174400000000002,1.0889288692792405,0.004343592652765603,1.093272461932006
23.1948,1.0940454355551987,0.0015642236218430436,1.0956096591770417
23.215200000000003,1.0976190118195555,0.02809091029879424,1.1257099221183497
23.2356,1.099590966917603,0.0029288154095649973,1.102519782327168
23.256,1.099928947264059,-0.02962491924394597,1.070304028020113
23.276400000000002,1.0986274076637144,-0.02545116270064634,1.073176244963068
23.2968,1.0957077022906574,0.030375186739271604,1.126082889029929
23.317200000000003,1.0912177343333918,-0.023423209229001606,1.06779452510439
23.337600000000002,1.0852311700540784,0.015289949060670672,1.100521119114749
23.358,1.0778462301567018,-0.005367454704187625,1.0724787754525142
23.378400000000003,1.0691840782940283,-0.0033951658780497097,1.0657889124159785
23.3988,1.0593868331528844,-0.0026826556553684023,1.056704177497516
23.4192,1.0486152367331847,0.024427699189183968,1.0730429359223685
23.439600000000002,1.037046017076928,-0.0038568365708792937,1.0331891805060487
23.46,1.0248689887164864,-0.0006663856569030591,1.0242026030595832
23.480400000000003,1.0122839384147146,-0.030616069947989853,0.9816678684667248
23.5008,0.9994973472921168,0.004133810234160066,1.0036311575262769
23.5212,0.9867190031206121,0.010620850139561194,0.9973398532601733
23.541600000000003,0.974158558365576,0.00478291161307574,0.9789414699786517
23.562,0.9620220904478197,0.02795792522173471,0.9899800156695544
23.582400000000003,0.9505087206608164,0.0011034270956046348,0.951612147756421
23.602800000000002,0.9398073472161276,0.005979549122380352,0.9457868963385079
23.6232,0.9300935460174365,0.03297008020536358,0.9630636262228002
23.643600000000003,0.9215266900118283,-0.031000283787162956,0.8905264062246654
23.664,0.9142473343806341,-0.009116506955987378,0.9051308274246467
23.6844,0.9083749104706635,0.028523175040385325,0.9368980855110489
23.704800000000002,0.9040057663011847,0.01872258296622165,0.9227283492674063
23.7252,0.9012115857957498,0.013567601976809408,0.9147791877725592
23.745600000000003,0.9000382126743122,0.016653014789289565,0.9166912274636018
23.766000000000002,0.90050489830187,0.006541324182420442,0.9070462224842905
23.7864,0.9026039858340729,0.03263194855064543,0.9352359343847183
23.806800000000003,0.9063010358419742,0.007555183394614358,0.9138562192365886
23.8272,0.9115353913548123,0.004797342117905571,0.9163327334727179
23.847600000000003,0.9182211730502603,0.0031791734825128656,0.9214003465327731
23.868000000000002,0.9262486882641828,0.0038572791110077203,0.9301059673751906
23.8884,0.9354862307024897,-0.023140345616317358,0.9123458850861723
23.908800000000003,0.9457822413274702,0.015413461089266866,0.9611957024167371
23.9292,0.9569677949652384,-0.0026087946756665464,0.9543590002895719
23.9496,0.968859371836926,0.03643830195720812,1.0052976737941342
23.970000000000002,0.9812618685414288,-0.001513009411768458,0.9797488591296604
23.9904,0.9939717990890066,0.008418365683513132,1.0023901647725197
24.010800000000003,1.0067806334668306,0.004932043725226688,1.0117126771920573
24.031200000000002,1.0194782189610712,-0.012511140702185066,1.006967078258886
24.0516,1.031856228102421,0.019842736570370115,1.0516989646727912
24.072000000000003,1.0437115766650953,0.038101272811200355,1.0818128494762957
24.0924,1.0548497556406662,-0.0002955443931968956,1.0545542112474693
24.1128,1.0650880225195738,-0.006009575711708446,1.0590784468078653
24.133200000000002,1.0742583995213224,-0.0071005746211074815,1.067157824900215
24.1536,1.0822104295819066,-0.037847237866346826,1.0443631917155598
24.174000000000003,1.0888136448813546,-0.003556262874060251,1.0852573820072944
24.1944,1.093959707410582,0.005019962320166479,1.0989796697307486
24.2148,1.0975641864576164,0.021095158503605656,1.118659344961222
24.235200000000003,1.0995679438502146,0.019200954822998557,1.1187688986732132
24.2556,1.099938104227395,-0.00832998164873385,1.0916081225786611
24.276000000000003,1.0986685944207866,-0.005536459895477767,1.0931321345253089
24.296400000000002,1.0957802430962327,0.02247810611228878,1.1182583492085214
24.3168,1.0913204390208484,-0.0034692779414575827,1.0878511610793908
24.337200000000003,1.0853623535622965,-0.01020059079511234,1.0751617627671841
24.3576,1.0780037401766225,0.02785036898868545,1.105854109165308
24.378,1.069365330581281,0.02075171334101268,1.0901170439222936
24.398400000000002,1.0595888539271103,0.00037583583548515603,1.0599646897625954
24.4188,1.048834711468437,-0.01187554895557335,1.0369591625128638
24.439200000000003,1.037279344882608,-0.04023760638489418,0.9970417384977139
24.459600000000002,1.0251123414166572,0.011794072111494478,1.0369064135281516
24.48,1.01253332335643,-0.017927394451043605,0.9946059289053863
24.500400000000003,0.9997486728522995,-0.03925464018281504,0.9604940326694845
24.5208,0.9869681458367388,0.03169641054698036,1.018664556383719
24.541200000000003,0.9744014305887305,0.012959355820197766,0.9873607864089283
24.561600000000002,0.9622547074081732,-0.022780163862339307,0.9394745435458339
24.582,0.950727265845172,-0.024288027659185182,0.9264392381859868
24.602400000000003,0.9400082349848903,0.017419235643432392,0.9574274706283227
24.6228,0.9302734804337184,-0.017559412330717405,0.9127140681030009
24.6432,0.9216827189173957,0.025922997350557666,0.9476057162679534
24.663600000000002,0.9143768978315453,0.012329186252523106,0.9267060840840684
24.684,0.9084758827379084,0.01073193041133647,0.9192078131492448
24.704400000000003,0.904076490747214,0.008093909112286007,0.9121703998595
24.724800000000002,0.9012509020546929,0.0038290174404782356,0.9050799194951712
24.7452,0.9000454756899317,0.01761022398354221,0.9176556996734738
24.765600000000003,0.9004799889109067,-0.009081607250312103,0.8913983816605946
24.786,0.9025473127213424,0.0017190394686876936,0.90426635219003
24.806400000000004,0.9062135288351312,0.015038931753543915,0.921252460588675
24.826800000000002,0.9114184861688042,0.011259794371722556,0.9226782805405267
24.8472,0.9180767877317552,-0.023899736105373208,0.894177051626382
24.867600000000003,0.9260791917224545,-0.010008193346085279,0.9160709983763692
24.888,0.9352944038430568,0.005056070108383091,0.9403504739514399
24.9084,0.9455712314261774,-0.008160294180797938,0.9374109372453795
24.928800000000003,0.9567410640313687,0.035493171219466664,0.9922342352508354
24.9492,0.9686206398124817,-0.007863063895082258,0.9607575759173994
24.969600000000003,0.9810150522685908,-0.003244368951533817,0.977770683317057
24.990000000000002,0.9937209480470685,0.015388603563546077,1.0091095516106146
25.0104,1.006529863332963,0.006610654864698315,1.0131405181976612
25.030800000000003,1.0192316440850002,-0.0029054891440953847,1.0163261549409048
25.0512,1.0316178940028728,-0.015129870577614966,1.0164880234252578
25.0716,1.0434853936555513,0.006030281147935324,1.0495156748034866
25.092000000000002,1.0546394346734276,0.020781928807567854,1.0754213634809955
25.1124,1.0648970143006666,0.009581904481964571,1.0744789187826311
25.132800000000003,1.074089837895276,-0.015563670429122446,1.0585261674661535
25.153200000000002,1.0820670801152157,0.034735499139534214,1.1168025792547498
25.1736,1.0886978594882184,-0.028931557800717888,1.0597663016875005
25.194000000000003,1.093873385765388,-0.03165371283605578,1.062219672929332
25.2144,1.0975087448272511,0.019211144489144568,1.1167198893163957
25.234800000000003,1.0995442918575784,0.004516809572053802,1.1040611014296322
25.255200000000002,1.099946629927349,-0.010989970926080806,1.0889566590012683
25.2756,1.0987091579333912,-0.021971414551106593,1.0767377433822847
25.296000000000003,1.0958521789017377,0.04641599678560596,1.1422681756873436
25.3164,1.0914225668787803,0.002341817443108839,1.0937643843218892
25.3368,1.0854929978754957,0.01068402341691543,1.0961770212924111
25.357200000000002,1.0781607574825243,0.006357701944763632,1.0845184594272879
25.3776,1.069546144719404,0.008696159154623158,1.078242303874027
25.398000000000003,1.0597904983057511,0.010801889210496119,1.0705923875162473
25.418400000000002,1.0490538777371083,0.014648480195097525,1.0637023579322058
25.4388,1.0375124372116877,-0.007504448015213454,1.0300079891964742
25.459200000000003,1.0253555354936343,-0.005832839727036892,1.0195226957665975
25.4796,1.012782629130863,-0.03482045616717803,0.977962172963685
25.500000000000004,0.9999999999999981,-0.015606088130030789,0.9843939118699673
25.520400000000002,0.9872173708691362,0.0054222559289342975,0.9926396267980705
25.5408,0.9746444645063649,0.02090046751005381,0.9955449320164187
25.561200000000003,0.9624875627883115,0.011980790527523683,0.9744683533158351
25.5816,0.9509461222628909,-0.006813846877558609,0.9441322753853323
25.602,0.9402095016942481,-0.025263458241703087,0.914946043452545
25.622400000000003,0.9304538552805955,-0.05554718290854867,0.8749066723720469
25.6428,0.9218392425174752,0.02303467949561598,0.9448739220130912
25.663200000000003,0.9145070021245038,-0.011784579730202995,0.9027224223943008
25.683600000000002,0.9085774331212193,-0.008969300124081186,0.8996081329971382
25.704,0.9041478210982621,0.002631479358161374,0.9067793004564234
25.724400000000003,0.9012908420666086,-0.028111200947837797,0.8731796411187708
25.7448,0.900053370072651,-0.006995643602230738,0.8930577264704203
25.7652,0.9004557081424217,0.04046943899539948,0.9409251471378212
25.785600000000002,0.902491255172749,0.010107738771546856,0.9125989939442958
25.806,0.9061266142346123,0.007184983130269128,0.9133115973648814
25.826400000000003,0.911302140511782,-0.03164988955963517,0.8796522509521468
25.8468,0.9179329198847849,0.04487203789165281,0.9628049577764377
25.8672,0.9259101621047247,-0.028455898172526854,0.8974542639321978
25.887600000000003,0.935102985699334,0.03844649510888797,0.973549480808222
25.908,0.9453605653265732,-0.04230112030375615,0.9030594450228171
25.928400000000003,0.9565146063444495,0.02810730877448841,0.9846219151189379
25.948800000000002,0.9683821059971282,0.03236108538000451,1.0007431913771327
25.9692,0.9807683559150008,-0.016488182426556693,0.9642801734884441
25.989600000000003,0.9934701366670379,0.008451607445457655,1.0019217441124955
26.01,1.0062790519529325,0.010949611442093301,1.0172286633950258
26.0304,1.0189849477314101,-0.016275889664626116,1.0027090580667841
26.050800000000002,1.0313793601875192,-0.028982352214738608,1.0023970079727806
26.0712,1.0432589359686322,-0.02635434686281531,1.0169045891058168
26.091600000000003,1.0544287685738234,0.010820164399196154,1.0652489329730195
26.112000000000002,1.0647055961569438,-0.0017023120503881148,1.0630032841065558
26.1324,1.073920808277546,-0.01128602066604321,1.0626347876115028
26.152800000000003,1.0819232122682454,0.019335360223329205,1.1012585724915747
26.1732,1.0885815138311963,0.010161358187829555,1.0987428720190258
26.193600000000004,1.093786471164869,-0.015109254527312668,1.0786772166375564
26.214000000000002,1.0974526872786579,-0.024024030380347786,1.07342865689831
26.2344,1.0995200110890933,0.010465234773761538,1.1099852458628547
26.254800000000003,1.0999545243100683,-0.010751667371161238,1.0892028569389072
26.2752,1.098749097945307,0.0019840972506300486,1.100733195195937
26.2956,1.0959235092527857,0.03152597945255435,1.1274494887053401
26.316000000000003,1.0915241172620913,0.010046564801495593,1.1015706820635869
26.3364,1.0856231021684541,-0.017245339995064734,1.0683777621733894
26.356800000000003,1.0783172810826038,0.0032132237963954564,1.0815305048789994
26.377200000000002,1.069726519566281,-0.019052899056307755,1.0506736205099734
26.3976,1.059991765015109,0.032170443118974476,1.0921622081340834
26.418000000000003,1.0492727341548274,-0.011231574992064418,1.038041159162763
26.4384,1.037745292591826,0.004145414939472373,1.0418907075312984
26.458800000000004,1.025598569411266,0.00615465149358864,1.0317532209048546
26.479200000000002,1.0130318541632604,0.003185009367474049,1.0162168635307345
26.4996,1.0002513271476996,-0.03917097910273078,0.9610803480449688
26.520000000000003,0.9874666766435692,-0.028928421279666574,0.9585382553639027
26.5404,0.9748876585833419,-0.009047005511381835,0.9658406530719601
26.5608,0.962720655117391,0.006388636666630613,0.9691092917840216
26.581200000000003,0.951165288531562,-0.0027555842857154133,0.9484097042458466
26.6016,0.9404111460728889,-0.019142949463020337,0.9212681966098686
26.622000000000003,0.9306346694187185,-0.02696848638243402,0.9036661830362845
26.642400000000002,0.921996259823377,-0.008031150889986873,0.9139651089333901
26.6628,0.9146376464377031,-0.009369520893594463,0.9052681255441086
26.683200000000003,0.9086795609791513,0.010256729151855134,0.9189362901310064
26.7036,0.9042197569037671,-0.006526369243166363,0.8976933876606007
26.724,0.9013314055792132,0.01205415312858659,0.9133855587077998
26.744400000000002,0.900061895772605,-0.011892995394408109,0.8881689003781968
26.7648,0.9004320561497855,-0.005119153384285367,0.8953129027655001
26.785200000000003,0.9024358135423837,-0.006960927592852388,0.8954748859495313
26.805600000000002,0.9060402925894182,-0.015647339338041796,0.8903929532513765
26.826,0.9111863551186458,0.012502373128674605,0.9236887282473204
26.846400000000003,0.9177895704180938,-0.01627191994189014,0.9015176504762037
26.8668,0.9257416004786783,-0.01043283019941238,0.9153087702792659
26.887200000000004,0.9349119774804268,-0.0014623929189639447,0.9334495845614628
26.907600000000002,0.9451502443593345,-0.025947593119134797,0.9192026512401997
26.928,0.9562884233349055,-0.006498699166409982,0.9497897241684955
26.948400000000003,0.9681437718975797,-0.014226127194855772,0.953917644702724
26.9688,0.9805217810389298,-0.007763083849644992,0.9727586971892849
26.9892,0.9932193665331702,-0.0011985600534218125,0.9920208064797484
