time,flux,flux_err,quality
1325.323086913456,0.8877379298210144,0.18446002900600433,4096
1325.3439206569594,0.8775320649147034,0.18446002900600433,4096
1325.3647544017567,0.871669590473175,0.18446002900600433,4096
1325.3855881478073,0.8775792717933655,0.18446002900600433,4096
1325.4064218950716,0.8704761266708374,0.18446002900600433,4096
1325.4272556434814,0.8713698983192444,0.18446002900600433,4096
1325.4480893930097,0.9160249829292297,0.18446002900600433,4096
1325.4689231435907,1.0857603549957275,0.18446002900600433,4096
1325.4897568951903,1.3221495151519775,0.18446002900600433,4096
1325.5105906477759,1.442961573600769,0.18446002900600433,4096
1325.531424401286,1.455564260482788,0.18446002900600433,4096
1325.5522581556907,1.4087778329849243,0.18446002900600433,4096
1325.5730919109615,1.3380515575408936,0.18446002900600433,4096
1325.5939256670408,1.2730317115783691,0.18446002900600433,4096
1325.6147594239033,1.1980644464492798,0.18446002900600433,4096
1325.6355931815244,1.1280977725982666,0.18446002900600433,4096
1325.6564269398502,1.0721957683563232,0.18446002900600433,0
1325.6772606988702,1.0396345853805542,0.18446002900600433,0
1325.6980944585325,1.00913667678833,0.18446002900600433,4096
1325.7189282188183,0.9950600266456604,0.18446002900600433,0
1325.7397619797086,0.9594234824180603,0.18446002900600433,4096
1325.7605957411572,0.9329966306686401,0.18446002900600433,0
1325.7814295031474,0.8985937237739563,0.18446002900600433,0
1325.8022632656641,0.8933822512626648,0.18446002900600433,4096
1325.8230970286631,0.8793514966964722,0.18446002900600433,4096
1325.8439307921321,0.8596400022506714,0.18446002900600433,4096
1325.8647645560586,0.8488269448280334,0.18446002900600433,0
1325.8855983204014,0.8459669947624207,0.18446002900600433,0
1325.9064320851603,0.8411372303962708,0.18446002900600433,4096
1325.9272658502957,0.8466732501983643,0.18446002900600433,4096
1325.9480996157988,0.8485735058784485,0.18446002900600433,4096
1325.968933381662,0.9211716651916504,0.18446002900600433,4096
1325.9897671478477,1.1532979011535645,0.18446002900600433,4096
1326.01060091435,1.4019489288330078,0.18446002900600433,0
1326.0314346811624,1.4990171194076538,0.18446002900600433,4096
1326.0522684482505,1.4570305347442627,0.18446002900600433,4096
1326.0731022156092,1.383528470993042,0.18446002900600433,0
1326.0939359832353,1.31423020362854,0.18446002900600433,0
1326.1147697510946,1.2344337701797485,0.18446002900600433,0
1326.1356035191943,1.1811206340789795,0.18446002900600433,4096
1326.1564372875027,1.1220836639404297,0.18446002900600433,0
1326.1772710560178,1.0661571025848389,0.18446002900600433,0
1326.1981048247385,1.0446668863296509,0.18446002900600433,0
1326.2189385936338,1.0039116144180298,0.18446002900600433,0
1326.2397723627028,0.9917534589767456,0.18446002900600433,0
1326.260606131946,0.9579117894172668,0.18446002900600433,0
1326.2814399013334,0.9432145953178406,0.18446002900600433,0
1326.3022736711405,0.9061055183410645,0.18446002900600433,0
1326.3231074410455,0.8888098001480103,0.18446002900600433,0
1326.3439412108462,0.8789190053939819,0.18446002900600433,4096
1326.3647749807765,0.8636482954025269,0.18446002900600433,0
1326.3856087508084,0.8542972207069397,0.18446002900600433,0
1326.4064425209447,0.854964017868042,0.18446002900600433,0
1326.427276291188,0.8507468104362488,0.18446002900600433,0
1326.4481100615117,0.8756217956542969,0.18446002900600433,0
1326.4689438319183,0.9019791483879089,0.18446002900600433,4096
1326.4897776024122,0.9791184067726135,0.18446002900600433,0
1326.5106113729669,1.1588975191116333,0.18446002900600433,0
1326.5314451435963,1.355234146118164,0.18446002900600433,0
1326.5522789142751,1.4286150932312012,0.18446002900600433,0
1326.5731126850076,1.4092425107955933,0.18446002900600433,0
1326.5939464557982,1.3691242933273315,0.18446002900600433,0
1326.614780226622,1.3107670545578003,0.18446002900600433,0
1326.6356139974944,1.244800090789795,0.18446002900600433,4096
1326.65644776839,1.1769218444824219,0.18446002900600433,0
1326.6772815393153,1.1166856288909912,0.18446002900600433,4096
1326.6981153102652,1.081631064414978,0.18446002900600433,0
1326.718949081245,1.0520936250686646,0.18446002900600433,0
1326.7397828522317,1.0342110395431519,0.18446002900600433,0
1326.7606166232413,1.014756441116333,0.18446002900600433,0
1326.781450394249,0.9723743200302124,0.18446002900600433,0
1326.8022841652619,0.9428520202636719,0.18446002900600433,0
1326.8231179362867,0.9133126735687256,0.18446002900600433,4096
1326.8439517072998,0.8868445158004761,0.18446002900600433,4096
1326.8647854783176,0.876674234867096,0.18446002900600433,4096
1326.8856192493176,0.863795280456543,0.18446002900600433,0
1326.9064530203063,0.8476414084434509,0.18446002900600433,4096
1326.927286791291,0.8444057703018188,0.18446002900600433,0
1326.9481205622487,0.8515986800193787,0.18446002900600433,0
1326.9689543331867,0.8455825448036194,0.18446002900600433,4096
1326.9897881041127,0.8688793778419495,0.18446002900600433,4096
1327.0106218750038,0.992031991481781,0.18446002900600433,0
1327.031455645868,1.2429275512695312,0.18446002900600433,0
1327.0522894167125,1.4386690855026245,0.18446002900600433,0
1327.0731231875152,1.4586673974990845,0.18446002900600433,0
1327.093956958294,1.409360408782959,0.18446002900600433,0
1327.1147907290267,1.342989206314087,0.18446002900600433,0
1327.1356244997212,1.2802577018737793,0.18446002900600433,4096
1327.1564582703852,1.2150030136108398,0.18446002900600433,4096
1327.1772920409976,1.1569870710372925,0.18446002900600433,4096
1327.1981258115661,1.1035175323486328,0.18446002900600433,4096
1327.2189595820987,1.0552926063537598,0.18446002900600433,0
1327.239793352574,1.0284457206726074,0.18446002900600433,0
1327.2606271230104,1.0075502395629883,0.18446002900600433,0
1327.2814608933859,0.9841376543045044,0.18446002900600433,0
1327.302294663709,0.9487921595573425,0.18446002900600433,0
1327.323128433989,0.9143298864364624,0.18446002900600433,0
1327.3439622042035,0.8888865113258362,0.18446002900600433,0
1327.3647959743614,0.8674537539482117,0.18446002900600433,0
1327.385629744471,0.8534166216850281,0.18446002900600433,0
1327.4064635145116,0.8521273732185364,0.18446002900600433,0
1327.4272972844917,0.84386146068573,0.18446002900600433,0
1327.4481310544202,0.8398778438568115,0.18446002900600433,0
1327.4689648242752,0.8683164119720459,0.18446002900600433,4096
1327.4897985940765,0.8649709224700928,0.18446002900600433,0
1327.5106323638024,0.8978797793388367,0.18446002900600433,0
1327.531466133462,1.0357991456985474,0.18446002900600433,0
1327.552299903064,1.2642401456832886,0.18446002900600433,0
1327.573133672588,1.4167602062225342,0.18446002900600433,0
1327.5939674420524,1.435051441192627,0.18446002900600433,0
1327.6148012114365,1.3884881734848022,0.18446002900600433,0
1327.635634980749,1.3320882320404053,0.18446002900600433,4096
1327.65646875,1.2750047445297241,0.18446002900600433,0
1327.6773025191676,1.198276400566101,0.18446002900600433,0
1327.6981362882614,1.1384131908416748,0.18446002900600433,0
1327.7189700572906,1.0914546251296997,0.18446002900600433,0
1327.7398038262343,1.0576233863830566,0.18446002900600433,0
1327.7606375951016,1.039130687713623,0.18446002900600433,0
1327.7814713639023,1.0092551708221436,0.18446002900600433,4096
1327.802305132615,0.9863346219062805,0.18446002900600433,0
1327.8231389012592,0.9525178074836731,0.18446002900600433,0
1327.8648064382903,0.8919049501419067,0.18446002900600433,0
1327.885640206696,0.8662413954734802,0.18446002900600433,0
1327.9064739750104,0.8646339178085327,0.18446002900600433,0
1327.9273077432433,0.8597733378410339,0.18446002900600433,0
1327.9481415114037,0.8559792041778564,0.18446002900600433,0
1327.9689752794716,0.8616178631782532,0.18446002900600433,0
1327.9898090474665,0.8649933934211731,0.18446002900600433,0
1328.0106428153674,0.8583554029464722,0.18446002900600433,0
1328.031476583194,0.908137321472168,0.18446002900600433,0
1328.0523103509258,1.0693076848983765,0.18446002900600433,0
1328.0731441185724,1.3278592824935913,0.18446002900600433,0
1328.093977886143,1.45870840549469,0.18446002900600433,0
1328.1148116536176,1.4574919939041138,0.18446002900600433,0
1328.1356454210052,1.3930833339691162,0.18446002900600433,0
1328.1564791883059,1.322938084602356,0.18446002900600433,0
1328.177312955529,1.2573614120483398,0.18446002900600433,0
1328.1981467226544,1.1916049718856812,0.18446002900600433,0
1328.2189804897012,1.1329352855682373,0.18446002900600433,0
1328.2398142566494,1.080733060836792,0.18446002900600433,0
1328.2606480235183,1.0573948621749878,0.18446002900600433,0
1328.281481790288,1.032143235206604,0.18446002900600433,0
1328.3023155569674,1.008749008178711,0.18446002900600433,0
1328.323149323567,0.9743068814277649,0.18446002900600433,0
1328.3439830900656,0.9517266750335693,0.18446002900600433,0
1328.3648168564737,0.9118452668190002,0.18446002900600433,0
1328.3856506228005,0.8951500654220581,0.18446002900600433,0
1328.406484389026,0.8788847327232361,0.18446002900600433,0
1328.4273181551696,0.8678953647613525,0.18446002900600433,0
1328.4481519212109,0.8620466589927673,0.18446002900600433,0
1328.4689856871598,0.8516053557395935,0.18446002900600433,0
1328.4898194530258,0.8673630952835083,0.18446002900600433,4096
1328.5106532187892,0.8785107731819153,0.18446002900600433,0
1328.5314869844592,0.8773223757743835,0.18446002900600433,0
1328.552320750046,0.9230040907859802,0.18446002900600433,0
1328.5731545155286,1.1071606874465942,0.18446002900600433,0
1328.5939882809173,1.3266528844833374,0.18446002900600433,0
1328.6148220462214,1.4249687194824219,0.18446002900600433,0
1328.6356558114214,1.4225555658340454,0.18446002900600433,0
1328.6564895765366,1.3781005144119263,0.18446002900600433,0
1328.6773233415468,1.3170785903930664,0.18446002900600433,0
1328.6981571064616,1.2448112964630127,0.18446002900600433,0
1328.718990871291,1.1825655698776245,0.18446002900600433,0
1328.7398246360149,1.12346613407135,0.18446002900600433,0
1328.7606584006428,1.085538625717163,0.18446002900600433,0
1328.7814921651848,1.055885672569275,0.18446002900600433,0
1328.80232592962,1.027391791343689,0.18446002900600433,0
1328.8231596939693,1.0075749158859253,0.18446002900600433,0
1328.8439934582116,0.9719688296318054,0.18446002900600433,0
1328.8648272223572,0.9358999729156494,0.18446002900600433,0
1328.8856609864156,0.9061114192008972,0.18446002900600433,0
1328.9064947503668,0.8793923854827881,0.18446002900600433,0
1328.9273285142306,0.8741521835327148,0.18446002900600433,0
1328.948162277987,0.8742092847824097,0.18446002900600433,0
1328.968996041645,0.8678034543991089,0.18446002900600433,0
1328.9898298052155,0.8619659543037415,0.18446002900600433,0
1329.010663568678,0.8816748261451721,0.18446002900600433,0
1329.0314973320517,0.87458735704422,0.18446002900600433,0
1329.052331095317,0.8745879530906677,0.18446002900600433,0
1329.0731648584842,0.9581530094146729,0.18446002900600433,0
1329.0939986215521,1.1954052448272705,0.18446002900600433,0
1329.1148323845314,1.4062250852584839,0.18446002900600433,0
1329.135666147401,1.4731625318527222,0.18446002900600433,0
1329.1564999101815,1.4380731582641602,0.18446002900600433,0
1329.1773336728527,1.3685678243637085,0.18446002900600433,0
1329.1981674354347,1.2982057332992554,0.18446002900600433,4096
1329.2190011979067,1.227283000946045,0.18446002900600433,0
1329.2398349602788,1.163284420967102,0.18446002900600433,0
1329.2606687225607,1.1247812509536743,0.18446002900600433,0
1329.2815024847328,1.084229588508606,0.18446002900600433,0
1329.302336246804,1.0628297328948975,0.18446002900600433,0
1329.3231700087854,1.0361703634262085,0.18446002900600433,0
1329.344003770656,1.003760814666748,0.18446002900600433,0
1329.3648375324358,0.9660277366638184,0.18446002900600433,0
1329.3856712941047,0.9343177080154419,0.18446002900600433,0
1329.4065050556726,0.905834436416626,0.18446002900600433,0
1329.4273388171496,0.8912742733955383,0.18446002900600433,0
1329.448172578515,0.8816073536872864,0.18446002900600433,0
1329.4690063397788,0.8730606436729431,0.18446002900600433,4096
1329.4898401009514,0.8713704943656921,0.18446002900600433,0
1329.5106738620123,0.8777008652687073,0.18446002900600433,0
1329.5315076229717,0.8858240246772766,0.18446002900600433,0
1329.5523413838384,0.8746266961097717,0.18446002900600433,0
1329.5731751445935,0.8824840188026428,0.18446002900600433,0
1329.5940089052563,0.9773576259613037,0.18446002900600433,0
1329.6148426658071,1.2562495470046997,0.18446002900600433,0
1329.6356764262648,1.4354497194290161,0.18446002900600433,0
1329.6565101866101,1.4713846445083618,0.18446002900600433,0
1329.677343946853,1.4339361190795898,0.18446002900600433,0
1329.6981777070025,1.3609967231750488,0.18446002900600433,0
1329.7190114670404,1.2991372346878052,0.18446002900600433,0
1329.7398452269754,1.221799612045288,0.18446002900600433,0
1329.7606789868157,1.1620664596557617,0.18446002900600433,0
1329.7815127465424,1.1126956939697266,0.18446002900600433,0
1329.8023465061758,1.0725921392440796,0.18446002900600433,0
1329.8231802656953,1.0430352687835693,0.18446002900600433,0
1329.8440140251112,1.0162439346313477,0.18446002900600433,0
1329.8648477844333,0.9918299317359924,0.18446002900600433,0
1329.8856815436413,0.9588282704353333,0.18446002900600433,0
1329.9065153027452,0.9321997165679932,0.18446002900600433,0
1329.9273490617547,0.8999430537223816,0.18446002900600433,0
1329.94818282065,0.8833470344543457,0.18446002900600433,0
1329.9690165794505,0.8837500214576721,0.18446002900600433,0
1329.9898503381362,0.879266619682312,0.18446002900600433,4096
1330.0106840967171,0.876780092716217,0.18446002900600433,4096
1330.0315178552034,0.8917903900146484,0.18446002900600433,0
1330.0523516135747,0.8829245567321777,0.18446002900600433,0
1330.0731853718405,0.8635233640670776,0.18446002900600433,4096
1330.0940191300108,0.8842582106590271,0.18446002900600433,0
1330.1148528880658,1.016941785812378,0.18446002900600433,0
1330.1356866460253,1.299527645111084,0.18446002900600433,4096
1330.1565204038689,1.480955719947815,0.18446002900600433,0
1330.177354161607,1.4997395277023315,0.18446002900600433,0
1330.1981879192483,1.4372988939285278,0.18446002900600433,0
1330.219021676774,1.3598151206970215,0.18446002900600433,0
1330.2398554342035,1.2782716751098633,0.18446002900600433,0
1330.2606891915166,1.2024238109588623,0.18446002900600433,0
1330.2815229487228,1.139205813407898,0.18446002900600433,0
1330.3023567058324,1.0993901491165161,0.18446002900600433,0
1330.323190462825,1.0608614683151245,0.18446002900600433,0
1330.3648579764995,1.006479024887085,0.18446002900600433,0
1330.385691733171,0.975864827632904,0.18446002900600433,0
1330.406525489745,0.9466617703437805,0.18446002900600433,0
1330.4273592462014,0.9153944253921509,0.18446002900600433,0
1330.4481930025502,0.8928266763687134,0.18446002900600433,0
1330.469026758801,0.8821361064910889,0.18446002900600433,0
1330.4898605149335,0.8738487362861633,0.18446002900600433,0
1330.5106942709683,0.8729071021080017,0.18446002900600433,0
1330.5315280268846,0.8742900490760803,0.18446002900600433,0
1330.5523617826925,0.8851673603057861,0.18446002900600433,0
1330.573195538402,0.8730714917182922,0.18446002900600433,0
1330.5940292939924,0.8642549514770508,0.18446002900600433,0
1330.614863049484,0.8993598818778992,0.18446002900600433,0
1330.6356968048567,1.0968228578567505,0.18446002900600433,0
1330.6565305601198,1.3446611166000366,0.18446002900600433,0
1330.6773643152837,1.4557496309280396,0.18446002900600433,0
1330.698198070328,1.4640456438064575,0.18446002900600433,0
1330.7190318252729,1.4062055349349976,0.18446002900600433,0
1330.7398655800978,1.3399255275726318,0.18446002900600433,0
1330.7606993348124,1.2691071033477783,0.18446002900600433,0
1330.7815330894273,1.196326494216919,0.18446002900600433,0
1330.8023668439216,1.133622646331787,0.18446002900600433,0
1330.8232005983048,1.0947202444076538,0.18446002900600433,0
1330.844034352588,1.0619601011276245,0.18446002900600433,0
1330.8648681067502,1.0287418365478516,0.18446002900600433,0
1330.885701860811,1.0011571645736694,0.18446002900600433,0
1330.9065356147512,0.9716479182243347,0.18446002900600433,0
1330.9273693685795,0.9408981800079346,0.18446002900600433,0
1330.9482031223067,0.9104875922203064,0.18446002900600433,0
1330.9690368759118,0.8912673592567444,0.18446002900600433,0
1330.9898706294048,0.8784430027008057,0.18446002900600433,0
1331.0107043827961,0.873951256275177,0.18446002900600433,0
1331.031538136065,0.8744220733642578,0.18446002900600433,0
1331.0523718892314,0.8753359317779541,0.18446002900600433,0
1331.0732056422753,0.883397102355957,0.18446002900600433,0
1331.094039395216,0.8653770685195923,0.18446002900600433,0
1331.1148731480343,0.8527632355690002,0.18446002900600433,0
1331.135706900739,0.9074932932853699,0.18446002900600433,0
1331.1565406533405,1.1675156354904175,0.18446002900600433,0
1331.177374405818,1.4103608131408691,0.18446002900600433,0
1331.1982081581818,1.5116958618164062,0.18446002900600433,0
1331.219041910442,1.4787298440933228,0.18446002900600433,0
1331.2398756625778,1.401771903038025,0.18446002900600433,0
1331.2607094146092,1.3186074495315552,0.18446002900600433,0
1331.2815431665163,1.2428796291351318,0.18446002900600433,0
1331.3023769183083,1.1715638637542725,0.18446002900600433,0
1331.3232106699954,1.1171241998672485,0.18446002900600433,0
1331.344044421557,1.0765553712844849,0.18446002900600433,0
1331.3648781730137,1.0506556034088135,0.18446002900600433,0
1331.3857119243446,1.0218086242675781,0.18446002900600433,0
1331.4065456755598,0.9944568276405334,0.18446002900600433,0
1331.427379426669,0.9646596312522888,0.18446002900600433,0
1331.4482131776522,0.9330348968505859,0.18446002900600433,0
1331.4690469285185,0.90308678150177,0.18446002900600433,0
1331.489880679278,0.8865836262702942,0.18446002900600433,0
1331.5107144299109,0.8784882426261902,0.18446002900600433,0
1331.5315481804364,0.8755558729171753,0.18446002900600433,0
1331.5523819308346,0.8760657906532288,0.18446002900600433,0
1331.5732156811157,0.8815327882766724,0.18446002900600433,0
1331.5940494312888,0.8711482882499695,0.18446002900600433,0
1331.6148831813337,0.8521970510482788,0.18446002900600433,0
1331.6357169312705,0.856621265411377,0.18446002900600433,0
1331.6565506810787,0.9479960203170776,0.18446002900600433,0
1331.677384430768,1.2233407497406006,0.18446002900600433,0
1331.6982181803485,1.4639214277267456,0.18446002900600433,0
1331.7190519297997,1.539162039756775,0.18446002900600433,0
1331.7398856791315,1.475797414779663,0.18446002900600433,0
1331.7607194283537,1.3844796419143677,0.18446002900600433,0
1331.7815531774459,1.2988783121109009,0.18446002900600433,0
1331.802386926428,1.2199276685714722,0.18446002900600433,0
1331.8232206752796,1.1549550294876099,0.18446002900600433,0
1331.8440544240204,1.1019679307937622,0.18446002900600433,0
1331.8648881726303,1.0648272037506104,0.18446002900600433,0
1331.8857219211193,1.0327616930007935,0.18446002900600433,0
1331.9065556694964,1.0057123899459839,0.18446002900600433,0
1331.9273894177418,0.9769456386566162,0.18446002900600433,0
1331.9482231658756,0.9489755034446716,0.18446002900600433,0
1331.969056913877,0.9191890358924866,0.18446002900600433,0
1331.989890661756,0.8969371914863586,0.18446002900600433,0
1332.0107244095216,0.886721670627594,0.18446002900600433,0
1332.0315581571544,0.8752152919769287,0.18446002900600433,0
1332.0523919046739,0.8628047704696655,0.18446002900600433,0
1332.07322565206,0.8598292469978333,0.18446002900600433,0
1332.0940593993223,0.8666466474533081,0.18446002900600433,0
1332.11489314647,0.8700933456420898,0.18446002900600433,0
1332.1357268934835,0.857223629951477,0.18446002900600433,0
1332.1565606403722,0.8697301745414734,0.18446002900600433,0
1332.177394387146,0.9968889355659485,0.18446002900600433,0
1332.198228133784,1.2851005792617798,0.18446002900600433,0
1332.219061880307,1.5071523189544678,0.18446002900600433,0
1332.2398956266936,1.5423955917358398,0.18446002900600433,0
1332.2607293729543,1.4692456722259521,0.18446002900600433,0
1332.281563119098,1.375747799873352,0.18446002900600433,0
1332.3023968651055,1.2861238718032837,0.18446002900600433,0
1332.3232306109956,1.20182466506958,0.18446002900600433,0
1332.3440643567483,1.140676736831665,0.18446002900600433,0
1332.364898102373,1.0926014184951782,0.18446002900600433,0
1332.38573184788,1.0603866577148438,0.18446002900600433,0
1332.4065655932482,1.030799150466919,0.18446002900600433,4096
1332.427399338498,1.0028655529022217,0.18446002900600433,0
1332.4482330836088,0.9685953855514526,0.18446002900600433,0
1332.46906682859,0.937899112701416,0.18446002900600433,0
1332.4899005734517,0.9068838953971863,0.18446002900600433,0
1332.5107343181735,0.8847295641899109,0.18446002900600433,0
1332.5315680627748,0.8716973662376404,0.18446002900600433,0
1332.5524018072351,0.8620675802230835,0.18446002900600433,0
1332.573235551565,0.8559366464614868,0.18446002900600433,0
1332.5940692957731,0.8569292426109314,0.18446002900600433,0
1332.6149030398399,0.8713969588279724,0.18446002900600433,0
1332.6357367837745,0.8696644902229309,0.18446002900600433,0
1332.6565705275864,0.8569536209106445,0.18446002900600433,0
1332.6774042712557,0.8826039433479309,0.18446002900600433,0
1332.6982380148022,1.085585355758667,0.18446002900600433,0
1332.7190717582046,1.3522000312805176,0.18446002900600433,0
1332.7399055014837,1.5023193359375,0.18446002900600433,0
1332.7607392446184,1.5082440376281738,0.18446002900600433,0
1332.7815729876186,1.442181944847107,0.18446002900600433,0
1332.8024067304934,1.3543585538864136,0.18446002900600433,4096
1332.8232404732237,1.2680848836898804,0.18446002900600433,0
1332.864907958286,1.1347358226776123,0.18446002900600433,0
1332.8857417006075,1.089251160621643,0.18446002900600433,0
1332.906575442802,1.0582786798477173,0.18446002900600433,0
1332.9274091848497,1.0304827690124512,0.18446002900600433,0
1332.9482429267598,0.9985040426254272,0.18446002900600433,0
1332.969076668542,0.9686208367347717,0.18446002900600433,0
1332.9899104101753,0.9382996559143066,0.18446002900600433,0
1333.0107441516798,0.9088596105575562,0.18446002900600433,0
1333.0315778930355,0.8856796026229858,0.18446002900600433,0
1333.052411634251,0.8659960627555847,0.18446002900600433,0
1333.073245375337,0.8613311648368835,0.18446002900600433,0
1333.094079116272,0.865310549736023,0.18446002900600433,0
1333.1149128570764,0.8712834715843201,0.18446002900600433,0
1333.1357465977296,0.8671464920043945,0.18446002900600433,0
1333.156580338241,0.8576162457466125,0.18446002900600433,0
1333.17741407862,0.8516624569892883,0.18446002900600433,0
1333.1982478188465,0.897087037563324,0.18446002900600433,0
1333.21908155894,1.1447021961212158,0.18446002900600433,0
1333.2399152988796,1.4935734272003174,0.18446002900600433,0
1333.2607490386858,1.5958613157272339,0.18446002900600433,0
1333.281582778331,1.5381447076797485,0.18446002900600433,0
1333.302416517832,1.4363981485366821,0.18446002900600433,0
1333.3232502572032,1.340104341506958,0.18446002900600433,0
1333.344083996419,1.2476377487182617,0.18446002900600433,0
1333.3649177354882,1.1741338968276978,0.18446002900600433,0
1333.3857514744207,1.1128548383712769,0.18446002900600433,0
1333.406585213196,1.0730173587799072,0.18446002900600433,0
1333.4274189518335,1.0364031791687012,0.18446002900600433,0
1333.448252690313,1.00869619846344,0.18446002900600433,0
1333.4690864286542,0.9808070659637451,0.18446002900600433,0
1333.489920166836,0.9563001394271851,0.18446002900600433,0
1333.5107539048686,0.9192240238189697,0.18446002900600433,0
1333.5315876427605,0.8865844011306763,0.18446002900600433,0
1333.5524213804924,0.8643978238105774,0.18446002900600433,0
1333.5732551180727,0.8455862402915955,0.18446002900600433,0
1333.5940888555115,0.8399167060852051,0.18446002900600433,0
1333.6149225927884,0.8464094996452332,0.18446002900600433,0
1333.6357563299225,0.8544191122055054,0.18446002900600433,0
1333.6565900668934,0.8636672496795654,0.18446002900600433,0
1333.6774238037108,0.8595547080039978,0.18446002900600433,0
1333.6982575403838,0.867032527923584,0.18446002900600433,0
1333.7190912768922,0.9456935524940491,0.18446002900600433,0
1333.739925013255,1.2233834266662598,0.18446002900600433,0
1333.7607587494522,1.4712495803833008,0.18446002900600433,0
1333.7815924854929,1.577221393585205,0.18446002900600433,0
1333.802426221387,1.5216366052627563,0.18446002900600433,0
1333.8232599571131,1.4176989793777466,0.18446002900600433,0
1333.8440936926916,1.3205974102020264,0.18446002900600433,0
1333.864927428101,1.2261937856674194,0.18446002900600433,0
1333.8857611633616,1.1642866134643555,0.18446002900600433,0
1333.9065948984523,1.1117116212844849,0.18446002900600433,0
1333.9274286333823,1.0692907571792603,0.18446002900600433,0
1333.9482623681617,1.0354516506195068,0.18446002900600433,0
1333.9690961027695,1.0066317319869995,0.18446002900600433,0
1333.9899298372152,0.974858283996582,0.18446002900600433,0
1334.010763571508,0.9507051110267639,0.18446002900600433,0
1334.0315973056277,0.9093577265739441,0.18446002900600433,0
1334.052431039593,0.8798443078994751,0.18446002900600433,0
1334.0732647733844,0.8632038831710815,0.18446002900600433,0
1334.09409850702,0.8560539484024048,0.18446002900600433,0
1334.11493224048,0.8372743725776672,0.18446002900600433,0
1334.1357659737735,0.8339959383010864,0.18446002900600433,0
1334.1565997069094,0.8397943377494812,0.18446002900600433,0
1334.177433439868,0.8541374802589417,0.18446002900600433,0
1334.1982671726685,0.8466569781303406,0.18446002900600433,0
1334.2191009052895,0.8665700554847717,0.18446002900600433,0
1334.2399346377408,0.9850484728813171,0.18446002900600433,0
1334.2607683700317,1.2950334548950195,0.18446002900600433,0
1334.2816021021415,1.57656991481781,0.18446002900600433,0
1334.3024358340897,1.59859299659729,0.18446002900600433,0
1334.3232695658555,1.5135313272476196,0.18446002900600433,0
1334.344103297448,1.4111968278884888,0.18446002900600433,0
1334.3649370288767,1.2982147932052612,0.18446002900600433,0
1334.385770760121,1.21262526512146,0.18446002900600433,0
1334.4066044912,1.1488518714904785,0.18446002900600433,0
1334.427438222093,1.095029354095459,0.18446002900600433,0
1334.4482719528091,1.059757947921753,0.18446002900600433,0
1334.469105683358,1.0274103879928589,0.18446002900600433,0
1334.489939413719,1.003389835357666,0.18446002900600433,0
1334.5107731439107,0.9655570387840271,0.18446002900600433,0
1334.531606873913,0.9324576258659363,0.18446002900600433,0
1334.552440603745,0.9006673693656921,0.18446002900600433,0
1334.5732743333858,0.874474823474884,0.18446002900600433,0
1334.5941080628445,0.8543370962142944,0.18446002900600433,0
1334.6149417921308,0.8315920233726501,0.18446002900600433,0
1334.6357755212232,0.8286001682281494,0.18446002900600433,0
1334.6566092501316,0.8289569020271301,0.18446002900600433,0
1334.6774429788652,0.839464545249939,0.18446002900600433,0
1334.6982767074028,0.8551462292671204,0.18446002900600433,0
1334.7191104357635,0.8707752227783203,0.18446002900600433,0
1334.739944163927,0.8889482021331787,0.18446002900600433,0
1334.760777891902,1.066841959953308,0.18446002900600433,0
1334.7816116196982,1.3781700134277344,0.18446002900600433,0
1334.802445347294,1.5702160596847534,0.18446002900600433,0
1334.8232790747095,1.5779954195022583,0.18446002900600433,0
1334.844112801923,1.4785407781600952,0.18446002900600433,0
1334.8649465289539,1.3796006441116333,0.18446002900600433,0
1334.8857802557814,1.2809631824493408,0.18446002900600433,0
1334.906613982415,1.1832236051559448,0.18446002900600433,0
1334.9274477088634,1.1456092596054077,0.18446002900600433,0
1334.9482814351056,1.1040623188018799,0.18446002900600433,0
1334.9691151611605,1.066904067993164,0.18446002900600433,0
1334.989948887008,1.032785177230835,0.18446002900600433,4096
1335.0107826126566,1.0083454847335815,0.18446002900600433,4096
1335.0316163381158,0.970553457736969,0.18446002900600433,0
1335.0524500633642,0.9368228316307068,0.18446002900600433,0
1335.073283788421,0.8932843208312988,0.18446002900600433,0
1335.0941175132652,0.8747382760047913,0.18446002900600433,0
1335.114951237916,0.8536540269851685,0.18446002900600433,0
1335.1357849623525,0.8391181826591492,0.18446002900600433,0
1335.1566186865834,0.826076865196228,0.18446002900600433,0
1335.1774524106181,0.8377965092658997,0.18446002900600433,0
1335.1982861344354,0.8641341328620911,0.18446002900600433,0
1335.2191198580545,0.8702067732810974,0.18446002900600433,0
1335.239953581454,0.8689645528793335,0.18446002900600433,0
1335.2607873046431,0.9025705456733704,0.18446002900600433,0
1335.281621027631,1.0774520635604858,0.18446002900600433,0
1335.3024547503965,1.4831784963607788,0.18446002900600433,4096
1335.3232884729582,1.6784147024154663,0.18446002900600433,4096
1335.3649559174269,1.4740486145019531,0.18446002900600433,4096
1335.385789639332,1.3615541458129883,0.18446002900600433,4096
1335.4066233610192,1.2537223100662231,0.18446002900600433,0
1335.4274570824975,1.1780163049697876,0.18446002900600433,0
1335.448290803746,1.1164188385009766,0.18446002900600433,0
1335.4691245247734,1.0780879259109497,0.18446002900600433,0
1335.4899582455882,1.0394245386123657,0.18446002900600433,0
1335.51079196617,1.0171349048614502,0.18446002900600433,0
1335.5316256865374,0.9772129654884338,0.18446002900600433,0
1335.5524594066692,0.9542802572250366,0.18446002900600433,0
1335.5732931265838,0.9226800203323364,0.18446002900600433,0
1335.594126846261,0.8746029138565063,0.18446002900600433,0
1335.6149605657088,0.8432152271270752,0.18446002900600433,0
1335.6357942849365,0.8375285267829895,0.18446002900600433,0
1335.6566280039226,0.8193012475967407,0.18446002900600433,0
1335.6774617226856,0.8024228811264038,0.18446002900600433,0
1335.698295441205,0.8209956288337708,0.18446002900600433,0
1335.719129159489,0.8470171093940735,0.18446002900600433,0
1335.7399628775468,0.865028977394104,0.18446002900600433,0
1335.7607965953566,0.8696654438972473,0.18446002900600433,0
1335.7816303129378,0.9454958438873291,0.18446002900600433,0
1335.8024640302685,1.2047144174575806,0.18446002900600433,0
1335.8232977473579,1.5378520488739014,0.18446002900600433,0
1335.8441314642143,1.6365829706192017,0.18446002900600433,0
1335.8649651808164,1.5604867935180664,0.18446002900600433,0
1335.8857988971833,1.4482126235961914,0.18446002900600433,0
1335.9066326132934,1.3216850757598877,0.18446002900600433,0
1335.9274663291553,1.2381534576416016,0.18446002900600433,0
1335.948300044778,1.1639034748077393,0.18446002900600433,0
1335.9691337601398,1.1195898056030273,0.18446002900600433,0
1335.9899674752592,1.0770381689071655,0.18446002900600433,0
1336.0108011901152,1.0360164642333984,0.18446002900600433,0
1336.0316349047262,1.0197172164916992,0.18446002900600433,0
1336.0524686190704,0.9884656667709351,0.18446002900600433,0
1336.0733023331575,0.9512783288955688,0.18446002900600433,0
1336.0941360469947,0.9040234684944153,0.18446002900600433,0
1336.1149697605615,0.8846954703330994,0.18446002900600433,0
1336.1358034738766,0.8585372567176819,0.18446002900600433,0
1336.1566371869178,0.8285234570503235,0.18446002900600433,0
1336.1774708996938,0.8240184783935547,0.18446002900600433,0
1336.1983046122132,0.8248206377029419,0.18446002900600433,0
1336.2191383244547,0.8190471529960632,0.18446002900600433,0
1336.2399720364365,0.8547150492668152,0.18446002900600433,0
1336.2608057481377,0.879126250743866,0.18446002900600433,0
1336.281639459576,0.8959464430809021,0.18446002900600433,0
1336.3024731707303,0.9497261643409729,0.18446002900600433,0
1336.3233068816091,1.2510923147201538,0.18446002900600433,0
1336.3441405922208,1.614492654800415,0.18446002900600433,0
1336.3649743025437,1.630916714668274,0.18446002900600433,0
1336.3858080125958,1.5394006967544556,0.18446002900600433,0
1336.4066417223564,1.4279940128326416,0.18446002900600433,0
1336.4274754318335,1.3252259492874146,0.18446002900600433,0
1336.4483091410355,1.2222353219985962,0.18446002900600433,0
1336.4691428499411,1.1691298484802246,0.18446002900600433,0
1336.489976558568,1.1129783391952515,0.18446002900600433,0
1336.5108102668953,1.0744974613189697,0.18446002900600433,0
1336.5316439749408,1.0351343154907227,0.18446002900600433,0
1336.5524776826835,1.0022715330123901,0.18446002900600433,0
1336.573311390131,0.9883272647857666,0.18446002900600433,0
1336.5941450972925,0.9508703947067261,0.18446002900600433,0
1336.6149788041457,0.9084477424621582,0.18446002900600433,0
1336.6358125107092,0.8748387098312378,0.18446002900600433,0
1336.6566462169615,0.8430793285369873,0.18446002900600433,0
1336.6774799229204,0.8259803652763367,0.18446002900600433,0
1336.6983136285648,0.807872474193573,0.18446002900600433,4096
1336.719147333903,0.8209600448608398,0.18446002900600433,4096
1336.739981038943,0.8341401219367981,0.18446002900600433,0
1336.760814743663,0.8524225950241089,0.18446002900600433,0
1336.7816484480823,0.8682498335838318,0.18446002900600433,0
1336.8024821521783,0.8992338180541992,0.18446002900600433,0
1336.8233158559597,1.0299768447875977,0.18446002900600433,0
1336.8441495594348,1.430471420288086,0.18446002900600433,0
1336.864983262582,1.6879276037216187,0.18446002900600433,0
1336.8858169654195,1.6324747800827026,0.18446002900600433,0
1336.9066506679258,1.5022679567337036,0.18446002900600433,0
1336.9274843701194,1.3976463079452515,0.18446002900600433,0
1336.9483180719783,1.2965054512023926,0.18446002900600433,0
1336.9691517735216,1.212604284286499,0.18446002900600433,0
1336.9899854747273,1.14804208278656,0.18446002900600433,0
1337.0108191756037,1.093890905380249,0.18446002900600433,0
1337.0316528761593,1.0666192770004272,0.18446002900600433,0
1337.0524865763728,1.0341278314590454,0.18446002900600433,0
1337.0733202762626,0.9995812177658081,0.18446002900600433,4096
1337.0941539758073,0.9733120203018188,0.18446002900600433,0
1337.1149876750153,0.9353991150856018,0.18446002900600433,0
1337.1358213738952,0.8905696272850037,0.18446002900600433,0
1337.156655072426,0.8654018640518188,0.18446002900600433,0
1337.177488770626,0.8395902514457703,0.18446002900600433,0
1337.198322468474,0.8256542086601257,0.18446002900600433,0
1337.2191561659886,0.8182258605957031,0.18446002900600433,0
1337.2399898631488,0.8213492035865784,0.18446002900600433,0
1337.2608235599637,0.8410950303077698,0.18446002900600433,0
1337.2816572564418,0.8771151304244995,0.18446002900600433,0
1337.302490952562,0.8775085806846619,0.18446002900600433,0
1337.3233246483437,0.923628032207489,0.18446002900600433,0
1337.344158343766,1.0918337106704712,0.18446002900600433,0
1337.3649920388477,1.509312391281128,0.18446002900600433,0
1337.3858257335685,1.6969114542007446,0.18446002900600433,0
1337.4066594279375,1.6154706478118896,0.18446002900600433,0
1337.4274931219634,1.4920302629470825,0.18446002900600433,0
1337.4483268156264,1.3775835037231445,0.18446002900600433,0
1337.469160508937,1.2745147943496704,0.18446002900600433,4096
1337.4899942019047,1.1956604719161987,0.18446002900600433,0
1337.5108278945092,1.1402724981307983,0.18446002900600433,0
1337.5316615867705,1.0944831371307373,0.18446002900600433,0
1337.5524952786689,1.0580637454986572,0.18446002900600433,0
1337.5733289702248,1.0271837711334229,0.18446002900600433,0
1337.5941626614185,0.9980973601341248,0.18446002900600433,0
1337.614996352271,0.9624012112617493,0.18446002900600433,4096
1337.6358300427632,0.9351807236671448,0.18446002900600433,0
1337.656663732916,0.8979230523109436,0.18446002900600433,0
1337.677497422711,0.8659713864326477,0.18446002900600433,0
1337.6983311121596,0.845846951007843,0.18446002900600433,0
1337.7191648012733,0.8276217579841614,0.18446002900600433,0
1337.739998490035,0.8189659714698792,0.18446002900600433,0
1337.760832178457,0.8240495324134827,0.18446002900600433,0
1337.7816658665513,0.8481767177581787,0.18446002900600433,4096
1337.8024995543012,0.8753930926322937,0.18446002900600433,4096
1337.8233332417299,0.8944969177246094,0.18446002900600433,4096
1337.8650006156,1.1817288398742676,0.18446002900600433,4096
1337.8858343020497,1.5959619283676147,0.18446002900600433,0
1337.9066679881955,1.659939169883728,0.18446002900600433,4096
1337.9275016740232,1.5623961687088013,0.18446002900600433,0
1337.9483353595485,1.4538531303405762,0.18446002900600433,0
1337.969169044788,1.3543002605438232,0.18446002900600433,0
1337.9900027297283,1.2688850164413452,0.18446002900600433,0
1338.010836414397,1.191088080406189,0.18446002900600433,0
1338.0316700987828,1.1287373304367065,0.18446002900600433,0
1338.052503782914,1.093258261680603,0.18446002900600433,0
1338.0733374667811,1.0585521459579468,0.18446002900600433,0
1338.0941711504033,1.0266951322555542,0.18446002900600433,0
1338.1150048338025,0.9928621649742126,0.18446002900600433,0
1338.1358385169704,0.9594185948371887,0.18446002900600433,0
1338.1566721999397,0.9223840832710266,0.18446002900600433,0
1338.1775058827043,0.8862826824188232,0.18446002900600433,0
1338.1983395652887,0.8573682308197021,0.18446002900600433,0
1338.2191732477193,0.8386490345001221,0.18446002900600433,0
1338.2400069299924,0.8270175457000732,0.18446002900600433,0
1338.260840612146,0.8297316431999207,0.18446002900600433,0
1338.2816742941798,0.8397091031074524,0.18446002900600433,0
1338.3025079761335,0.8596372008323669,0.18446002900600433,0
1338.3233416580094,0.8693797588348389,0.18446002900600433,0
1338.3441753398406,0.882912278175354,0.18446002900600433,0
1338.3650090216615,0.9707189202308655,0.18446002900600433,0
1338.385842703478,1.3017841577529907,0.18446002900600433,0
1338.4066763853382,1.661500096321106,0.18446002900600433,0
1338.4275100672508,1.6607869863510132,0.18446002900600433,4096
1338.448343749267,1.5571471452713013,0.18446002900600433,4096
1338.4691774313994,1.4327913522720337,0.18446002900600433,4096
1338.4900111136924,1.3310601711273193,0.18446002900600433,4096
1339.6775328176832,0.9924877882003784,0.18446002900600433,4096
1339.6983665803787,0.9540426135063171,0.18446002900600433,4096
1339.7192003445011,0.9247779250144958,0.18446002900600433,4096
1339.7400341100158,0.8954046964645386,0.18446002900600433,4096
1339.7608678768877,0.8666265606880188,0.18446002900600433,4096
1339.781701645052,0.8603543639183044,0.18446002900600433,4096
1339.8025354144847,0.8518775105476379,0.18446002900600433,4096
1339.823369185122,0.85926753282547,0.18446002900600433,4096
1339.8442029569405,0.882276177406311,0.18446002900600433,4096
1339.8650367298778,0.8832011818885803,0.18446002900600433,4096
1339.8858705039022,0.8823155760765076,0.18446002900600433,4096
1339.9067042789832,0.9479875564575195,0.18446002900600433,4096
1339.92753805506,1.2184288501739502,0.18446002900600433,4096
1339.9483718321142,1.6114211082458496,0.18446002900600433,4096
1339.9692056100876,1.6487170457839966,0.18446002900600433,4096
1339.9900393889627,1.5563154220581055,0.18446002900600433,4096
1340.0108731686837,1.461911916732788,0.18446002900600433,4096
1340.031706949225,1.3623398542404175,0.18446002900600433,4096
1340.0525407305638,1.272696852684021,0.18446002900600433,4096
1340.073374512646,1.1985833644866943,0.18446002900600433,4096
1340.09420829546,1.1326545476913452,0.18446002900600433,4096
1340.115042078955,1.0839545726776123,0.18446002900600433,4096
1340.1358758631209,1.044986605644226,0.18446002900600433,4096
1340.1567096479089,1.0125343799591064,0.18446002900600433,4096
1340.1775434333108,0.9779176115989685,0.18446002900600433,4096
1340.1983772192798,0.9442266821861267,0.18446002900600433,4096
1340.21921100581,0.9051176905632019,0.18446002900600433,4096
1340.2400447928558,0.8735589385032654,0.18446002900600433,4096
1340.2608785804036,0.8519818782806396,0.18446002900600433,4096
1340.28171236844,0.8310622572898865,0.18446002900600433,4096
1340.3025461569218,0.8186138868331909,0.18446002900600433,4096
1340.3233799458483,0.8195881247520447,0.18446002900600433,4096
1340.344213735178,0.8359100222587585,0.18446002900600433,4096
1340.3650475249112,0.8379323482513428,0.18446002900600433,4096
1340.3858813150082,0.8361810445785522,0.18446002900600433,4096
1340.4067151054705,0.85680091381073,0.18446002900600433,4096
1340.4275488962603,0.9578782916069031,0.18446002900600433,4096
1340.4483826873704,1.3028010129928589,0.18446002900600433,4096
1340.4692164787944,1.6146955490112305,0.18446002900600433,4096
1340.4900502704959,1.6160626411437988,0.18446002900600433,4096
1340.5108840624794,1.5195491313934326,0.18446002900600433,4096
1340.531717854711,1.4030321836471558,0.18446002900600433,4096
1340.552551647196,1.3037372827529907,0.18446002900600433,4096
1340.5733854399004,1.2141424417495728,0.18446002900600433,4096
1340.5942192328314,1.1469115018844604,0.18446002900600433,4096
1340.6150530259565,1.0878467559814453,0.18446002900600433,4096
1340.635886819283,1.039802074432373,0.18446002900600433,0
1340.6567206127804,1.0081604719161987,0.18446002900600433,0
1340.6775544064462,0.9799737930297852,0.18446002900600433,0
1340.6983882002799,0.9553985595703125,0.18446002900600433,0
1340.7192219942517,0.9299107789993286,0.18446002900600433,0
1340.7400557883707,0.8873220682144165,0.18446002900600433,0
1340.7608895826077,0.8543015718460083,0.18446002900600433,0
1340.781723376963,0.8355806469917297,0.18446002900600433,0
1340.8025571714386,0.8158512711524963,0.18446002900600433,0
1340.823390966005,0.8059552311897278,0.18446002900600433,0
1340.8442247606745,0.8127151727676392,0.18446002900600433,0
1340.8650585554187,0.8232506513595581,0.18446002900600433,0
1340.88589235025,0.8352927565574646,0.18446002900600433,0
1340.9067261451414,0.8389663100242615,0.18446002900600433,0
1340.9275599401053,0.8693710565567017,0.18446002900600433,0
1340.9483937351151,1.0175209045410156,0.18446002900600433,0
1340.9692275301738,1.3680341243743896,0.18446002900600433,0
1340.9900613252858,1.547499179840088,0.18446002900600433,0
1341.0108951204245,1.5472685098648071,0.18446002900600433,0
1341.031728915604,1.4789577722549438,0.18446002900600433,0
1341.0525627107986,1.390607476234436,0.18446002900600433,0
1341.073396506023,1.2850048542022705,0.18446002900600433,0
1341.0942303012519,1.1964632272720337,0.18446002900600433,4096
1341.1150640964997,1.125458836555481,0.18446002900600433,0
1341.1358978917422,1.0675218105316162,0.18446002900600433,0
1341.1567316869841,1.0349504947662354,0.18446002900600433,4096
1341.177565482231,1.0062991380691528,0.18446002900600433,0
1341.198399277459,0.9801638722419739,0.18446002900600433,0
1341.2192330726832,0.9506447315216064,0.18446002900600433,0
1341.2400668678797,0.9228498935699463,0.18446002900600433,0
1341.2609006630646,0.8944130539894104,0.18446002900600433,0
1341.2817344582138,0.861209511756897,0.18446002900600433,0
1341.3025682533441,0.8410242795944214,0.18446002900600433,0
1341.3234020484317,0.8270472288131714,0.18446002900600433,0
1341.344235843493,0.8262732625007629,0.18446002900600433,0
1341.3650696385048,0.8337734937667847,0.18446002900600433,0
1341.385903433474,0.8398274779319763,0.18446002900600433,0
1341.406737228407,0.8305873274803162,0.18446002900600433,0
1341.4275710232816,0.8270202279090881,0.18446002900600433,0
1341.4484048181146,0.8724594116210938,0.18446002900600433,0
1341.4692386128831,1.0893290042877197,0.18446002900600433,0
1341.4900724076044,1.4237724542617798,0.18446002900600433,0
1341.5109062022561,1.5500035285949707,0.18446002900600433,0
1341.5317399968555,1.524261713027954,0.18446002900600433,0
1341.5525737913802,1.4553139209747314,0.18446002900600433,0
1341.5734075858477,1.3676204681396484,0.18446002900600433,0
1341.5942413802359,1.27291738986969,0.18446002900600433,0
1341.6150751745527,1.1919243335723877,0.18446002900600433,0
1341.635908968806,1.1195073127746582,0.18446002900600433,0
1341.6567427629734,1.0708225965499878,0.18446002900600433,0
1341.677576557073,1.0335991382598877,0.18446002900600433,0
1341.698410351083,1.0,0.18446002900600433,4096
1341.719244145022,0.972493052482605,0.18446002900600433,0
1341.7400779388672,0.9528741240501404,0.18446002900600433,0
1341.7609117326374,0.918354332447052,0.18446002900600433,0
1341.7817455263112,0.8892055153846741,0.18446002900600433,0
1341.8025793198963,0.8531860709190369,0.18446002900600433,0
1341.8234131134016,0.8345955014228821,0.18446002900600433,0
1341.8442469068054,0.8232746124267578,0.18446002900600433,0
1341.8650807001263,0.823121964931488,0.18446002900600433,0
1341.8859144933429,0.8408024311065674,0.18446002900600433,0
1341.9067482864737,0.8391265869140625,0.18446002900600433,0
1341.9275820794971,0.8343657851219177,0.18446002900600433,0
1341.9484158724224,0.8525956869125366,0.18446002900600433,0
1341.9692496652578,0.9298288822174072,0.18446002900600433,0
1341.9900834579823,1.1961429119110107,0.18446002900600433,0
1342.010917250615,1.539756417274475,0.18446002900600433,0
1342.0317510431341,1.5892915725708008,0.18446002900600433,4096
1342.052584835559,1.5206429958343506,0.18446002900600433,0
1342.0734186278685,1.4302366971969604,0.18446002900600433,4096
1342.0942524200814,1.3433990478515625,0.18446002900600433,4096
1342.1150862121765,1.2554374933242798,0.18446002900600433,0
1342.1359200041636,1.1763007640838623,0.18446002900600433,4096
1342.1567537960507,1.114640474319458,0.18446002900600433,4096
1342.2192551710273,1.0032860040664673,0.18446002900600433,4096
1342.2400889624678,0.9787137508392334,0.18446002900600433,4096
1342.2609227537846,0.9500964283943176,0.18446002900600433,4096
1342.2817565449966,0.9238979816436768,0.18446002900600433,0
1342.302590336083,0.9024237394332886,0.18446002900600433,0
1342.3234241270638,0.8721941113471985,0.18446002900600433,0
1342.3442579179175,0.8491129279136658,0.18446002900600433,0
1342.3650917086636,0.8423294425010681,0.18446002900600433,0
1342.3859254992815,0.8476735949516296,0.18446002900600433,0
1342.4067592897807,0.8613186478614807,0.18446002900600433,0
1342.4275930801696,0.8605595231056213,0.18446002900600433,0
1342.4484268704286,0.8555260896682739,0.18446002900600433,0
1342.469260660577,0.8838790059089661,0.18446002900600433,0
1342.4900944505935,0.9893594980239868,0.18446002900600433,0
1342.5109282404985,1.2435518503189087,0.18446002900600433,0
1342.5317620302708,1.477126955986023,0.18446002900600433,0
1342.5525958199296,1.571374773979187,0.18446002900600433,0
1342.5734296094552,1.520571231842041,0.18446002900600433,0
1342.5942633988666,1.4296917915344238,0.18446002900600433,0
1342.6150971881432,1.335240364074707,0.18446002900600433,0
1342.6359309773043,1.2511709928512573,0.18446002900600433,0
1342.65676476633,1.1681352853775024,0.18446002900600433,0
1342.67759855523,1.109853744506836,0.18446002900600433,0
1342.6984323440129,1.0623605251312256,0.18446002900600433,0
1342.719266132659,1.0361775159835815,0.18446002900600433,0
1342.7400999211877,1.0060945749282837,0.18446002900600433,0
1342.7609337095785,0.9895879626274109,0.18446002900600433,0
1342.7817674978512,0.9547702074050903,0.18446002900600433,0
1342.802601285985,0.9255233407020569,0.18446002900600433,0
1342.8234350739997,0.8912737369537354,0.18446002900600433,0
1342.8442688618752,0.8756852149963379,0.18446002900600433,0
1342.865102649621,0.8502658009529114,0.18446002900600433,0
1342.8859364372465,0.8437972664833069,0.18446002900600433,0
1342.9067702247316,0.8343837857246399,0.18446002900600433,0
1342.927604012096,0.8363291621208191,0.18446002900600433,0
1342.9484377993192,0.8469110131263733,0.18446002900600433,0
1342.9692715864207,0.8504956960678101,0.18446002900600433,0
1342.9901053733806,0.8886610865592957,0.18446002900600433,0
1343.0109391602184,1.0696580410003662,0.18446002900600433,0
1343.0317729469139,1.359019160270691,0.18446002900600433,0
1343.0526067334865,1.5124000310897827,0.18446002900600433,0
1343.073440519916,1.5274728536605835,0.18446002900600433,0
1343.0942743062224,1.4766919612884521,0.18446002900600433,0
1343.1151080923853,1.4065420627593994,0.18446002900600433,0
1343.1359418784143,1.3239312171936035,0.18446002900600433,0
1343.1567756643194,1.2409354448318481,0.18446002900600433,0
1343.17760945008,1.1675076484680176,0.18446002900600433,0
1343.198443235716,1.1067246198654175,0.18446002900600433,0
1343.2192770212073,1.0618987083435059,0.18446002900600433,0
1343.2401108065735,1.0360713005065918,0.18446002900600433,0
1343.260944591794,1.0122393369674683,0.18446002900600433,0
1343.2817783768894,0.9877195954322815,0.18446002900600433,0
1343.3026121618389,0.9570273756980896,0.18446002900600433,0
1343.3234459466626,0.9248424768447876,0.18446002900600433,0
1343.3442797313398,0.8978358507156372,0.18446002900600433,0
1343.365113515881,0.8752250671386719,0.18446002900600433,0
1343.385947300295,0.8539668917655945,0.18446002900600433,0
1343.4067810845622,0.8523660898208618,0.18446002900600433,0
1343.4276148687027,0.8557740449905396,0.18446002900600433,0
1343.4484486526956,0.8599715232849121,0.18446002900600433,0
1343.4692824365611,0.8647316694259644,0.18446002900600433,0
1343.490116220279,0.8654444217681885,0.18446002900600433,0
1343.5109500038693,0.903634250164032,0.18446002900600433,4096
1343.5317837873113,1.108262300491333,0.18446002900600433,0
1343.5526175706252,1.4400922060012817,0.18446002900600433,4096
1343.5734513537907,1.547786831855774,0.18446002900600433,0
1343.5942851368277,1.531902551651001,0.18446002900600433,4096
1343.6151189197158,1.460382342338562,0.18446002900600433,0
1343.635952702475,1.37314772605896,0.18446002900600433,0
1343.6567864850851,1.293390154838562,0.18446002900600433,0
1343.677620267569,1.216427206993103,0.18446002900600433,0
1343.6984540499034,1.1492737531661987,0.18446002900600433,0
1343.7192878321055,1.0943870544433594,0.18446002900600433,0
1343.7401216141573,1.0582497119903564,0.18446002900600433,0
1343.7609553960694,1.0258126258850098,0.18446002900600433,0
1343.7817891778511,1.0013575553894043,0.18446002900600433,0
1343.8026229594827,0.9776444435119629,0.18446002900600433,0
1343.823456740984,0.9450601935386658,0.18446002900600433,0
1343.8442905223346,0.9184077382087708,0.18446002900600433,0
1343.8651243035545,0.8873140215873718,0.18446002900600433,0
1343.8859580846236,0.8635733127593994,0.18446002900600433,0
1343.9067918655612,0.8560061454772949,0.18446002900600433,0
1343.9276256463481,0.8530228734016418,0.18446002900600433,0
1343.9484594269936,0.8634544610977173,0.18446002900600433,0
1343.9692932075075,0.8685896992683411,0.18446002900600433,4096
1343.9901269878699,0.8683304190635681,0.18446002900600433,0
1344.0109607681002,0.879875898361206,0.18446002900600433,0
1344.0317945481786,0.9511736035346985,0.18446002900600433,0
1344.052628328125,1.1681288480758667,0.18446002900600433,0
1344.073462107919,1.4216456413269043,0.18446002900600433,0
1344.0942958875808,1.551358699798584,0.18446002900600433,0
1344.11512966709,1.5095387697219849,0.18446002900600433,0
1344.1359634464668,1.4326719045639038,0.18446002900600433,0
1344.1567972256908,1.352887511253357,0.18446002900600433,0
1344.1776310047812,1.2717950344085693,0.18446002900600433,0
1344.1984647837191,1.1962063312530518,0.18446002900600433,0
1344.2192985625236,1.1329751014709473,0.18446002900600433,0
1344.2401323411746,1.087882399559021,0.18446002900600433,0
1344.260966119682,1.0504693984985352,0.18446002900600433,4096
1344.2817998980559,1.0277681350708008,0.18446002900600433,4096
1344.302633676286,1.0046006441116333,0.18446002900600433,0
1344.3234674543621,0.9787489175796509,0.18446002900600433,0
1344.3443012323041,0.9509195685386658,0.18446002900600433,0
1344.3651350100918,0.9208763837814331,0.18446002900600433,0
1344.3859687877352,0.8994663953781128,0.18446002900600433,0
1344.4068025652439,0.8826911449432373,0.18446002900600433,0
1344.427636342598,0.8652758598327637,0.18446002900600433,0
1344.448470119817,0.8584659099578857,0.18446002900600433,0
1344.4693038968815,0.8638224005699158,0.18446002900600433,0
1344.4901376738108,0.8774577975273132,0.18446002900600433,0
1344.5109714505847,0.8790329694747925,0.18446002900600433,0
1344.5318052272132,0.8938860297203064,0.18446002900600433,4096
1344.5526390037064,0.9795409440994263,0.18446002900600433,0
1344.5734727800536,1.2031234502792358,0.18446002900600433,0
1344.5943065562453,1.4165111780166626,0.18446002900600433,0
1344.6151403323008,1.5159825086593628,0.18446002900600433,0
1344.6359741082001,1.4866724014282227,0.18446002900600433,0
1344.6568078839532,1.4265776872634888,0.18446002900600433,4096
1344.7193092103535,1.1990771293640137,0.18446002900600433,4096
1344.7401429855202,1.1424750089645386,0.18446002900600433,0
1344.7609767605495,1.0907104015350342,0.18446002900600433,0
1344.781810535422,1.0535964965820312,0.18446002900600433,0
1344.8026443101571,1.0295140743255615,0.18446002900600433,0
1344.8234780847345,1.005789041519165,0.18446002900600433,0
1344.8443118591742,0.9766069650650024,0.18446002900600433,0
1344.8651456334565,0.9415260553359985,0.18446002900600433,0
1344.8859794076006,0.9108763933181763,0.18446002900600433,0
1344.9068131815868,0.8855384588241577,0.18446002900600433,0
1344.9276469554247,0.8745626211166382,0.18446002900600433,0
1344.9484807291242,0.8618427515029907,0.18446002900600433,0
1344.9693145026652,0.8555088639259338,0.18446002900600433,0
1344.990148276067,0.8649537563323975,0.18446002900600433,0
1345.0109820493103,0.872180163860321,0.18446002900600433,0
1345.0318158224143,0.8707248568534851,0.18446002900600433,0
1345.052649595359,0.8923701047897339,0.18446002900600433,0
1345.073483368165,1.035758376121521,0.18446002900600433,0
1345.094317140811,1.348583459854126,0.18446002900600433,0
1345.115150913317,1.5099685192108154,0.18446002900600433,0
1345.1359846856633,1.530477523803711,0.18446002900600433,0
1345.1568184578698,1.4653589725494385,0.18446002900600433,0
1345.1776522299158,1.3935377597808838,0.18446002900600433,0
1345.1984860018213,1.3223496675491333,0.18446002900600433,0
1345.2193197735664,1.2490406036376953,0.18446002900600433,0
1345.2401535451706,1.1831797361373901,0.18446002900600433,0
1345.260987316614,1.1282352209091187,0.18446002900600433,0
1345.2818210879163,1.0831830501556396,0.18446002900600433,0
1345.3026548590574,1.053985595703125,0.18446002900600433,0
1345.3234886300568,1.0322352647781372,0.18446002900600433,0
1345.3443224008947,1.0078378915786743,0.18446002900600433,0
1345.3651561715806,0.9756742715835571,0.18446002900600433,0
1345.3859899421245,0.9417306780815125,0.18446002900600433,0
1345.4068237125061,0.9160476326942444,0.18446002900600433,0
1345.4276574827454,0.8935863971710205,0.18446002900600433,0
1345.4484912528224,0.8775498270988464,0.18446002900600433,0
1345.4693250227565,0.870212733745575,0.18446002900600433,0
1345.4901587925276,0.8736677765846252,0.18446002900600433,0
1345.5109925621555,0.8769354224205017,0.18446002900600433,0
1345.53182633162,0.8950397372245789,0.18446002900600433,0
1345.552660100941,0.8946812152862549,0.18446002900600433,0
1345.5734938700982,0.9070677757263184,0.18446002900600433,0
1345.5943276391115,1.0520434379577637,0.18446002900600433,0
1345.6151614079604,1.355156660079956,0.18446002900600433,0
1345.6359951766653,1.5333309173583984,0.18446002900600433,0
1345.6568289452055,1.539981722831726,0.18446002900600433,0
1345.677662713601,1.4667301177978516,0.18446002900600433,0
1345.6984964818314,1.3886528015136719,0.18446002900600433,0
1345.7193302499165,1.3088656663894653,0.18446002900600433,0
1345.7401640178366,1.2367607355117798,0.18446002900600433,0
1345.7609977856107,1.1707502603530884,0.18446002900600433,0
1345.7818315532193,1.1131254434585571,0.18446002900600433,0
1345.8026653206714,1.073186993598938,0.18446002900600433,0
1345.8234990879776,1.045491337776184,0.18446002900600433,0
1345.844332855117,1.0177664756774902,0.18446002900600433,0
1345.86516662211,0.9885586500167847,0.18446002900600433,0
1345.886000388936,0.9594297409057617,0.18446002900600433,0
1345.906834155615,0.9265152215957642,0.18446002900600433,0
1345.9276679221261,0.9015921354293823,0.18446002900600433,0
1345.94850168849,0.8839536905288696,0.18446002900600433,0
1345.969335454686,0.8691246509552002,0.18446002900600433,0
1345.9901692207338,0.8578750491142273,0.18446002900600433,0
1346.011002986613,0.858738124370575,0.18446002900600433,0
1346.031836752344,0.8754804730415344,0.18446002900600433,0
1346.052670517906,0.8898530006408691,0.18446002900600433,0
1346.0735042833192,0.9058327674865723,0.18446002900600433,0
1346.0943380485628,0.9509937763214111,0.18446002900600433,0
1346.115171813657,1.1266430616378784,0.18446002900600433,0
1346.1360055785815,1.3900314569473267,0.18446002900600433,0
1346.1568393433558,1.5276973247528076,0.18446002900600433,0
1346.17767310796,1.4964991807937622,0.18446002900600433,0
1346.1985068724134,1.4342659711837769,0.18446002900600433,0
1346.219340636696,1.3659011125564575,0.18446002900600433,0
1346.2401744008278,1.2886567115783691,0.18446002900600433,0
1346.2610081647879,1.2198258638381958,0.18446002900600433,0
1346.2818419285966,1.15166175365448,0.18446002900600433,0
1346.3026756922336,1.1071226596832275,0.18446002900600433,0
1346.3235094557083,1.0730804204940796,0.18446002900600433,0
1346.3443432190306,1.047312617301941,0.18446002900600433,0
1346.3651769821804,1.0192008018493652,0.18446002900600433,0
1346.3860107451767,0.9915780425071716,0.18446002900600433,0
1346.4068445080002,0.9629307389259338,0.18446002900600433,0
1346.42767827067,0.9289301633834839,0.18446002900600433,0
1346.4485120331763,0.9076998829841614,0.18446002900600433,0
1346.4693457955082,0.8918295502662659,0.18446002900600433,0
1346.490179557676,0.8828616142272949,0.18446002900600433,0
1346.5110133196886,0.8706164956092834,0.18446002900600433,0
1346.5318470815266,0.8695683479309082,0.18446002900600433,0
1346.5526808432094,0.8828477263450623,0.18446002900600433,0
1346.5735146047168,0.8875449895858765,0.18446002900600433,0
1346.594348366068,0.8891139030456543,0.18446002900600433,0
1346.615182127243,0.9515979886054993,0.18446002900600433,0
1346.6360158882621,1.180180549621582,0.18446002900600433,0
1346.656849649104,1.4072962999343872,0.18446002900600433,0
1346.6776834097889,1.5061254501342773,0.18446002900600433,0
1346.6985171702963,1.4703892469406128,0.18446002900600433,0
1346.7193509306464,1.4163272380828857,0.18446002900600433,4096
1346.7401846908183,1.353832483291626,0.18446002900600433,0
1346.7610184508317,1.2858034372329712,0.18446002900600433,0
1346.7818522106663,1.2153689861297607,0.18446002900600433,0
1346.8026859703425,1.1547003984451294,0.18446002900600433,0
1346.8235197298386,1.10714590549469,0.18446002900600433,0
1346.8443534891755,1.0742864608764648,0.18446002900600433,4096
1346.8651872483324,1.0470861196517944,0.18446002900600433,0
1346.8860210073287,1.0221067667007446,0.18446002900600433,0
1346.9068547661448,0.9916160702705383,0.18446002900600433,0
1346.9276885247996,0.9579882621765137,0.18446002900600433,0
1346.9485222832732,0.9266670346260071,0.18446002900600433,0
1346.9693560415847,0.9021869897842407,0.18446002900600433,0
1346.9901897997145,0.8892176151275635,0.18446002900600433,0
1347.0110235576717,0.8849775195121765,0.18446002900600433,0
1347.0318573154661,0.8831000924110413,0.18446002900600433,0
1347.052691073069,0.8830357789993286,0.18446002900600433,4096
1347.0735248305093,0.9003013968467712,0.18446002900600433,0
1347.094358587783,0.8903273344039917,0.18446002900600433,0
1347.1151923448726,0.8978891372680664,0.18446002900600433,0
1347.1360261017976,0.9894073009490967,0.18446002900600433,4096
1347.1568598585377,1.3337419033050537,0.18446002900600433,4096
1347.219361127714,1.476999044418335,0.18446002900600433,4096
1347.2401948837603,1.3963841199874878,0.18446002900600433,4096
1347.2610286396196,1.3234738111495972,0.18446002900600433,4096
1347.2818623953117,1.2557638883590698,0.18446002900600433,4096
1347.302696150816,1.1891416311264038,0.18446002900600433,4096
1347.323529906152,1.131959319114685,0.18446002900600433,4096
1347.3443636612997,1.085622787475586,0.18446002900600433,4096
1347.3651974162785,1.0432437658309937,0.18446002900600433,4096
1347.3860311710678,1.0309292078018188,0.18446002900600433,4096
1347.4068649256874,1.0028005838394165,0.18446002900600433,0
1347.4276986801167,0.9680111408233643,0.18446002900600433,0
1347.4485324343755,0.9350343942642212,0.18446002900600433,4096
1347.4693661884432,0.9079472422599792,0.18446002900600433,4096
1347.4901999423394,0.8899149894714355,0.18446002900600433,4096
1347.5110336960438,0.8804988265037537,0.18446002900600433,4096
1347.5318674495759,0.8780280947685242,0.18446002900600433,4096
1347.5527012029152,0.8754189610481262,0.18446002900600433,4096
1347.5735349560812,0.8907275795936584,0.18446002900600433,4096
1347.5943687090535,0.8972694277763367,0.18446002900600433,4096
1347.6152024618518,0.9023129940032959,0.18446002900600433,4096
1347.636036214455,0.9099040627479553,0.18446002900600433,4096
1347.6568699668837,1.0257567167282104,0.18446002900600433,4096
1347.6777037191168,1.2790043354034424,0.18446002900600433,4096
1347.698537471174,1.4885632991790771,0.18446002900600433,4096
1347.7193712230346,1.5249968767166138,0.18446002900600433,4096
1347.7402049747182,1.4820517301559448,0.18446002900600433,4096
1347.7610387262046,1.3957219123840332,0.18446002900600433,4096
1347.781872477513,1.3198578357696533,0.18446002900600433,4096
1347.802706228623,1.238446831703186,0.18446002900600433,4096
1347.8235399795542,1.1800166368484497,0.18446002900600433,4096
1347.8443737302857,1.122249960899353,0.18446002900600433,4096
1347.8652074808376,1.0903043746948242,0.18446002900600433,4096
1347.886041231189,1.0647648572921753,0.18446002900600433,4096
1347.9068749813496,1.0344806909561157,0.18446002900600433,4096
1347.927708731329,1.0079936981201172,0.18446002900600433,4096
1347.9485424811162,0.9755483865737915,0.18446002900600433,4096
1347.969376230701,0.9441234469413757,0.18446002900600433,4096
1347.990209980103,0.9123093485832214,0.18446002900600433,4096
1348.0110437293013,0.8947778344154358,0.18446002900600433,4096
1348.0318774783154,0.8844894766807556,0.18446002900600433,4096
1348.052711227125,0.875502347946167,0.18446002900600433,4096
1348.0735449757497,0.865239679813385,0.18446002900600433,4096
1348.0943787241688,0.8818350434303284,0.18446002900600433,4096
1348.1152124724013,0.875827968120575,0.18446002900600433,4096
1348.1360462204273,0.8635221123695374,0.18446002900600433,4096
1348.1568799682657,0.9068672060966492,0.18446002900600433,4096
1348.1777137158965,1.1035548448562622,0.18446002900600433,4096
1348.1985474633286,1.4163011312484741,0.18446002900600433,4096
1348.2193812105716,1.5386537313461304,0.18446002900600433,4096
1348.240214957615,1.4871262311935425,0.18446002900600433,4096
1348.2610487044478,1.4266555309295654,0.18446002900600433,4096
1348.28188245109,1.3271474838256836,0.18446002900600433,4096
1348.3027161975208,1.247767686843872,0.18446002900600433,4096
1348.3235499437499,1.2127463817596436,0.18446002900600433,4096
1348.344383689786,1.1474031209945679,0.18446002900600433,4096
1348.3652174356187,1.0967308282852173,0.18446002900600433,4096
1348.3860511812377,1.0639601945877075,0.18446002900600433,4096
1348.406884926662,1.0374791622161865,0.18446002900600433,4096
1348.4277186718714,1.0102840662002563,0.18446002900600433,4096
1348.448552416885,1.0240155458450317,0.18446002900600433,4096
1348.469386161682,0.9757249355316162,0.18446002900600433,4096
1348.490219906272,0.9231594204902649,0.18446002900600433,4096
1348.5110536506638,0.9011467695236206,0.18446002900600433,4096
1348.5318873948481,0.8820648193359375,0.18446002900600433,4096
1348.5527211388128,0.8773850798606873,0.18446002900600433,4096
1348.5735548825778,0.8789268136024475,0.18446002900600433,4096
1348.5943886261225,0.8800272941589355,0.18446002900600433,4096
1348.615222369456,0.8912988901138306,0.18446002900600433,4096
1348.6360561125882,0.8803295493125916,0.18446002900600433,4096
1348.6568898554972,0.8690195083618164,0.18446002900600433,4096
1348.6777235982036,0.9086729288101196,0.18446002900600433,4096
1348.6985573406955,1.1587961912155151,0.18446002900600433,4096
1348.7193910829635,1.4076215028762817,0.18446002900600433,4096
1348.740224825026,1.5027903318405151,0.18446002900600433,4096
1348.7610585668626,1.4688247442245483,0.18446002900600433,4096
1348.7818923084822,1.3375340700149536,0.18446002900600433,4096
1348.8027260498943,1.3402179479599,0.18446002900600433,4096
1348.8235597910784,1.2885825634002686,0.18446002900600433,4096
1348.8443935320533,1.2147490978240967,0.18446002900600433,4096
1348.8652272727982,1.1533806324005127,0.18446002900600433,4096
1348.8860610133327,1.1069122552871704,0.18446002900600433,4096
1348.9068947536464,1.074460506439209,0.18446002900600433,4096
1348.9277284937277,1.043244481086731,0.18446002900600433,4096
1348.948562233596,1.0179064273834229,0.18446002900600433,4096
1348.9693959732308,0.9860573410987854,0.18446002900600433,4096
1348.9902297126516,0.948453962802887,0.18446002900600433,4096
1349.0110634518367,0.9171571135520935,0.18446002900600433,4096
1349.031897190796,0.8913043737411499,0.18446002900600433,4096
1349.0527309295378,0.884087860584259,0.18446002900600433,4096
1349.0735646680425,0.8749734163284302,0.18446002900600433,4096
1349.0943984063285,0.8709080219268799,0.18446002900600433,4096
1349.1152321443851,0.8766023516654968,0.18446002900600433,4096
1349.1360658822016,0.8854154348373413,0.18446002900600433,4096
1349.1568996197968,0.8869554996490479,0.18446002900600433,4096
1349.1777333571501,0.938162088394165,0.18446002900600433,4096
1349.1985670942806,0.9483627676963806,0.18446002900600433,4096
1349.2194008311674,1.2620151042938232,0.18446002900600433,4096
1349.2402345678297,1.5186381340026855,0.18446002900600433,4096
1349.2610683042465,1.4519833326339722,0.18446002900600433,4096
1349.2819020404368,1.421544075012207,0.18446002900600433,4096
1349.3027357763794,1.4069074392318726,0.18446002900600433,4096
1349.3235695120943,1.3337396383285522,0.18446002900600433,4096
1349.3444032475597,1.2508597373962402,0.18446002900600433,4096
1349.3652369827953,1.1796358823776245,0.18446002900600433,4096
1349.3860707177798,1.127280831336975,0.18446002900600433,4096
1349.406904452532,1.0772039890289307,0.18446002900600433,4096
1349.4277381870315,1.0527868270874023,0.18446002900600433,0
1349.4485719212971,1.0247118473052979,0.18446002900600433,4096
1349.4694056553078,0.991843581199646,0.18446002900600433,4096
1349.490239389082,0.9650543928146362,0.18446002900600433,4096
1349.5110731226,0.9323542714118958,0.18446002900600433,4096
1349.5319068558797,0.9031586050987244,0.18446002900600433,0
1349.5527405889006,0.8896690011024475,0.18446002900600433,0
1349.5735743216815,0.8761098980903625,0.18446002900600433,4096
1349.5944080542015,0.8745468258857727,0.18446002900600433,0
1349.6152417864794,0.8672536015510559,0.18446002900600433,0
1349.636075518494,0.8822669982910156,0.18446002900600433,4096
1349.6569092502646,0.8809340000152588,0.18446002900600433,4096
1349.7194104440202,0.9891692399978638,0.18446002900600433,4096
1349.7402441747633,1.268394112586975,0.18446002900600433,0
1349.7610779052368,1.450568675994873,0.18446002900600433,0
1349.7819116354594,1.496488094329834,0.18446002900600433,0
1349.8027453654101,1.4775391817092896,0.18446002900600433,0
1349.823579095108,1.3951233625411987,0.18446002900600433,0
1349.8444128245314,1.3195991516113281,0.18446002900600433,0
1349.8652465536995,1.2415733337402344,0.18446002900600433,0
1349.8860802825911,1.163948655128479,0.18446002900600433,0
1349.9069140112251,1.112717628479004,0.18446002900600433,0
1349.92774773958,1.0818662643432617,0.18446002900600433,0
1349.9485814676748,1.0508280992507935,0.18446002900600433,0
1349.9694151954882,1.020619511604309,0.18446002900600433,0
1349.9902489230392,0.9997442364692688,0.18446002900600433,0
1350.0110826503062,0.9610692858695984,0.18446002900600433,0
1350.0319163773083,0.9405289888381958,0.18446002900600433,0
1350.052750104024,0.9070641398429871,0.18446002900600433,0
1350.073583830472,0.8970814347267151,0.18446002900600433,0
1350.0944175566312,0.8865195512771606,0.18446002900600433,0
1350.1152512825204,0.8707008361816406,0.18446002900600433,0
1350.1360850081176,0.8620477318763733,0.18446002900600433,0
1350.1569187334424,0.8683658838272095,0.18446002900600433,0
1350.177752458473,0.8711856007575989,0.18446002900600433,0
1350.198586183228,0.8534584045410156,0.18446002900600433,0
1350.2194199076862,0.8763255476951599,0.18446002900600433,0
1350.2402536318664,1.0492222309112549,0.18446002900600433,0
1350.261087355757,1.3563411235809326,0.18446002900600433,0
1350.2819210793464,1.5247141122817993,0.18446002900600433,0
1350.3027548026437,1.5263432264328003,0.18446002900600433,0
1350.323588525657,1.4620970487594604,0.18446002900600433,0
1350.3444222483652,1.3854527473449707,0.18446002900600433,0
1350.3652559707866,1.298496961593628,0.18446002900600433,0
1350.3860896929,1.230621099472046,0.18446002900600433,0
1350.4069234147241,1.154171347618103,0.18446002900600433,0
1350.4277571362372,1.1031743288040161,0.18446002900600433,0
1350.4485908574575,1.0722095966339111,0.18446002900600433,0
1350.469424578374,1.035836100578308,0.18446002900600433,0
1350.4902582989753,1.0143365859985352,0.18446002900600433,0
1350.511092019279,0.9861972332000732,0.18446002900600433,0
1350.5319257392644,0.9497302174568176,0.18446002900600433,0
1350.5527594589498,0.9231818914413452,0.18446002900600433,0
1350.5735931783133,0.8906724452972412,0.18446002900600433,0
1350.594426897374,0.8807616233825684,0.18446002900600433,0
1350.61526061611,0.8603251576423645,0.18446002900600433,0
1350.6360943345394,0.8610029816627502,0.18446002900600433,0
1350.656928052641,0.872780978679657,0.18446002900600433,0
1350.6777617704329,0.8839690089225769,0.18446002900600433,0
1350.698595487894,0.8791279792785645,0.18446002900600433,0
1350.719429205042,0.8652578592300415,0.18446002900600433,0
1350.7402629218557,0.8907454609870911,0.18446002900600433,0
1350.7610966383534,1.0914584398269653,0.18446002900600433,0
1350.7819303545132,1.418033480644226,0.18446002900600433,0
1350.8027640703535,1.5525426864624023,0.18446002900600433,0
1350.8235977858528,1.5502444505691528,0.18446002900600433,0
1350.84443150103,1.4615139961242676,0.18446002900600433,0
1350.865265215862,1.377443790435791,0.18446002900600433,0
1350.886098930368,1.2998818159103394,0.18446002900600433,0
1350.9069326445263,1.2132213115692139,0.18446002900600433,4096
1350.9277663583553,1.1520518064498901,0.18446002900600433,0
1350.9486000718425,1.1025723218917847,0.18446002900600433,0
1350.9694337849771,1.0690702199935913,0.18446002900600433,0
1350.9902674977768,1.0391545295715332,0.18446002900600433,0
1351.0111012102197,1.0110749006271362,0.18446002900600433,0
1351.0319349223248,0.9771465063095093,0.18446002900600433,0
1351.05276863407,0.9442050457000732,0.18446002900600433,4096
1351.0736023454733,0.9185154438018799,0.18446002900600433,0
1351.0944360565134,0.8841959238052368,0.18446002900600433,0
1351.1152697672082,0.874590277671814,0.18446002900600433,0
1351.136103477536,0.8597279191017151,0.18446002900600433,4096
1351.156937187515,0.8611562252044678,0.18446002900600433,0
1351.1777708971238,0.8701685070991516,0.18446002900600433,0
1351.1986046063803,0.872817873954773,0.18446002900600433,0
1351.219438315263,0.8677968978881836,0.18446002900600433,0
1351.2402720237897,0.8736419677734375,0.18446002900600433,0
1351.2611057319393,0.9318991303443909,0.18446002900600433,0
1351.2819394397302,1.180137038230896,0.18446002900600433,0
1351.30277314714,1.47617506980896,0.18446002900600433,0
1351.323606854187,1.602708101272583,0.18446002900600433,0
1351.3444405608502,1.5446535348892212,0.18446002900600433,0
1351.3652742671477,1.4542121887207031,0.18446002900600433,4096
1351.3861079730577,1.3700155019760132,0.18446002900600433,4096
1351.4069416785983,1.2582541704177856,0.18446002900600433,4096
1351.427775383736,1.1855186223983765,0.18446002900600433,0
1351.4486090885023,1.1264718770980835,0.18446002900600433,0
1351.469442792896,1.0873923301696777,0.18446002900600433,0
1351.4902764968942,1.0522178411483765,0.18446002900600433,0
1351.5111102005153,1.0212409496307373,0.18446002900600433,0
1351.5319439037387,0.9856699109077454,0.18446002900600433,0
1351.5527776065826,0.9622246623039246,0.18446002900600433,0
1351.5736113090254,0.9317872524261475,0.18446002900600433,0
1351.594445011086,0.8956236839294434,0.18446002900600433,0
1351.6152787127432,0.8767217397689819,0.18446002900600433,0
1351.636112414016,0.8686026334762573,0.18446002900600433,0
1351.6569461148829,0.8517664670944214,0.18446002900600433,4096
1351.6777798153628,0.8479375243186951,0.18446002900600433,4096
1351.6986135154352,0.8551851511001587,0.18446002900600433,0
1351.719447215119,0.8625771999359131,0.18446002900600433,4096
1351.7402809143935,0.8749343156814575,0.18446002900600433,0
1351.7611146132776,0.8672894835472107,0.18446002900600433,0
1351.7819483117512,0.9647263884544373,0.18446002900600433,4096
1351.8027820098337,1.2578480243682861,0.18446002900600433,0
1351.8236157075044,1.4522219896316528,0.18446002900600433,0
1351.844449404783,1.5578464269638062,0.18446002900600433,0
1351.86528310165,1.5406025648117065,0.18446002900600433,0
1351.886116798125,1.4445159435272217,0.18446002900600433,0
1351.9069504941885,1.3535358905792236,0.18446002900600433,0
1351.9277841898604,1.2553131580352783,0.18446002900600433,0
1351.9486178851314,1.184118390083313,0.18446002900600433,0
1351.9694515799927,1.1212455034255981,0.18446002900600433,0
1351.990285274455,1.0854417085647583,0.18446002900600433,0
1352.011118968529,1.0604764223098755,0.18446002900600433,4096
1352.031952662206,1.0268783569335938,0.18446002900600433,0
1352.0527863554787,0.9896372556686401,0.18446002900600433,0
1352.0736200483684,0.9612357020378113,0.18446002900600433,0
1352.0944537408573,0.9253418445587158,0.18446002900600433,0
1352.1152874329678,0.8960040211677551,0.18446002900600433,0
1352.1361211246829,0.866020679473877,0.18446002900600433,4096
1352.1569548160262,0.8603516221046448,0.18446002900600433,0
1352.2194558877798,0.8672993779182434,0.18446002900600433,4096
1352.2402895776343,0.8706462979316711,0.18446002900600433,0
1352.2611232671184,0.8667198419570923,0.18446002900600433,0
1352.2819569562582,0.8603541254997253,0.18446002900600433,0
1352.3027906450404,0.9973057508468628,0.18446002900600433,0
1352.3236243334918,1.3615310192108154,0.18446002900600433,0
1352.3444580216103,1.5703333616256714,0.18446002900600433,0
1352.3652917093937,1.610313057899475,0.18446002900600433,0
1352.3861253968712,1.5215566158294678,0.18446002900600433,0
1352.4069590840325,1.426374912261963,0.18446002900600433,0
1352.4277927709084,1.3246724605560303,0.18446002900600433,0
1352.4486264574898,1.2270582914352417,0.18446002900600433,0
1352.4694601438086,1.1674987077713013,0.18446002900600433,0
1352.4902938298592,1.1063289642333984,0.18446002900600433,0
1352.5111275156748,1.0702193975448608,0.18446002900600433,0
1352.5319612012504,1.043786883354187,0.18446002900600433,0
1352.5527948866231,1.0180690288543701,0.18446002900600433,0
1352.57362857179,0.9695248603820801,0.18446002900600433,0
1352.5944622567902,0.935443639755249,0.18446002900600433,0
1352.615295941633,0.9077128767967224,0.18446002900600433,0
1352.6361296263303,0.8716345429420471,0.18446002900600433,0
1352.656963310925,0.8584524393081665,0.18446002900600433,0
1352.6777969954212,0.8364274501800537,0.18446002900600433,0
1352.6986306798647,0.8417313098907471,0.18446002900600433,0
1352.7194643642636,0.8481500148773193,0.18446002900600433,0
1352.7402980486668,0.8673276305198669,0.18446002900600433,0
1352.7611317330845,0.8863948583602905,0.18446002900600433,0
1352.7819654175712,0.879487931728363,0.18446002900600433,0
1352.8027991021409,0.9046136140823364,0.18446002900600433,0
1352.8236327868499,1.0666053295135498,0.18446002900600433,0
1352.8444664717179,1.4079208374023438,0.18446002900600433,0
1352.865300156805,1.6147783994674683,0.18446002900600433,0
1352.8861338421345,1.602325439453125,0.18446002900600433,0
1352.9069675277713,1.5062071084976196,0.18446002900600433,0
1352.9278012137431,1.4012551307678223,0.18446002900600433,0
1352.948634900119,1.2984377145767212,0.18446002900600433,0
1352.9694685869306,1.2088451385498047,0.18446002900600433,0
1352.9903022742517,1.1452536582946777,0.18446002900600433,0
1353.0111359621283,1.098235011100769,0.18446002900600433,0
1353.0319696506083,1.0638071298599243,0.18446002900600433,0
1353.0528033397713,1.0320689678192139,0.18446002900600433,0
1353.0736370296593,1.0037950277328491,0.18446002900600433,0
1353.0944707203557,0.9735477566719055,0.18446002900600433,0
1353.1153044119053,0.9418908953666687,0.18446002900600433,0
1353.1361381043944,0.9086368680000305,0.18446002900600433,4096
1353.1569717978707,0.8758906722068787,0.18446002900600433,4096
